30291.86236486774,8446.942799824297,15331.784088612842,-24053.82450067743,-37734.4800429941,-12009.00020881629,-56760.35508170902,78695.01390147534,-74168.2825292669,-15017.74213305079
2237.597456095823,-22113.770583927813,-22750.322314885172,19501.319071790524,-57875.20732386315,19352.53925238679,-30622.71329018298,60172.243987648995,-65788.7616551285,-29611.181475482063
73476.90666916619,21869.854772075476,8801.714970490728,58474.56227076376,-9118.272638042405,-68737.52346375994,-33168.670028231085,83970.22167958276,-36429.57547234129,-29787.36580648441
36779.10848441846,15838.48005783045,-7620.822770251415,-5077.766634573076,-57440.663458149735,15742.736267526425,-21120.93138414079,92454.74646662782,-58693.66633708597,-69326.75765133621
60645.813048745375,-60582.368679340536,-13594.236408913503,12676.639371686186,-42016.67121167638,-258.0876955377142,-82504.25513438921,24185.156745788565,-77124.43424900598,-75266.41495167046
-3718.1984695578167,37959.055537559536,-11649.666615426258,-58090.27856616995,7389.407007884058,-21756.529313359064,2885.8541930325105,-15677.702748764576,-79422.94632300736,-76622.35257006195
-35905.287842856334,-14508.611320546193,-37404.36088807666,4191.332442790064,-63150.14798191634,-7811.5370628441615,-22665.48578514085,-9095.67802698549,-111102.8386879137,15049.929999495176
26714.468579035154,-42253.03582340092,-68895.26005044163,33551.07648904174,-16851.19314046516,-15641.771066801673,-59310.70067377605,48483.3408551292,-40021.75290664727,42863.85864913571
23298.703816710426,37074.948391085316,-52087.265440992844,-47063.487533834326,-52728.41485984667,-31706.28921690837,-2392.21831013632,15067.555528689056,-98418.17524893195,-25407.165110203947
43382.32210663816,32772.2072694301,-45056.59644999539,-34328.573107985925,-65443.15613692744,4550.912757389324,32732.894714640293,-18514.031670753287,-49068.75031791619,7622.806985157551
-16696.986296765703,-41225.20045583202,-57967.30484535762,864.4810150673303,-69379.20032914156,8015.618193538371,-47084.49140839105,-33350.42581895913,-69484.75449439586,-94725.11983413923
3932.4068351634915,3135.016037560535,-72980.22287425498,32447.929813385785,-60157.89026993876,-61055.394089040885,3396.1003176604845,74406.3108350827,-75921.93242753472,-49666.348790270815
34072.59308879931,55918.25685843862,-44674.08944521284,12047.871039620393,-18339.730983229,-23598.840887750575,-25968.2083153033,55343.189053114795,32210.666647849554,-31229.496627755947
18649.28733517516,21777.28855840382,-75532.50544196599,9383.339967971397,3096.60679413195,-4765.699178175336,-8131.662115017144,-7499.1326086858735,-70274.09747606252,-10716.500865615544
23756.3806939024,-62809.637993262644,4456.29552132212,1946.0122376427248,-103863.80021054058,-2038.7699417405768,10794.032648598726,54554.397275255455,-77818.05552596106,-5953.045426317713
7275.273184233049,-14675.07356107408,-42817.22892996888,23371.553149994954,-6796.671702082054,-5415.327049343224,10217.605792495724,26731.87184590526,31347.650115772216,-40271.87544520794
11082.72998316417,-48392.1777970441,-12982.775577027644,11868.394504734646,-5290.56398268431,57387.22915879547,-44997.83958290688,43775.043579429745,-32458.312868582285,-25699.203524263026
24026.06464773397,-23944.383399416307,-64362.659110954555,-29064.33859287596,30096.464581764314,5125.547474321045,6263.78075590468,55924.89032992158,-66847.1383789741,-89065.5147999539
17284.915779186635,20349.470600310116,-11045.347081058906,2901.398365391532,-37130.31777289137,-18027.83621380996,-76667.53681097977,42663.84383973751,-65616.32377765107,-8072.3108958832045
-12931.57657946431,9035.46579262799,-15764.178884170593,53675.74812049322,45332.09682130523,-43046.69769151498,-28641.19482308476,7331.083363838541,-80485.27067783652,-35371.04961663565
-651.2886038620364,10813.441524320397,-50491.62732787728,40908.178465330784,-43428.84680687354,-53452.89209990577,-41164.035973941194,24154.30046916613,-54312.93359686909,-13510.866758001543
55155.16943464513,44637.07615723161,-39533.83202394295,10730.485245355565,-3396.549679611221,-47468.962346413,5814.632556061179,30081.653390675514,-19370.01705660129,-29839.27680790326
16456.506487677172,-50612.64000732875,-72980.01405725145,13287.289209136907,-28842.808239106114,-82447.01550142595,-43344.70193588243,46521.51628226547,-64831.30535325432,-29265.483953381066
41418.714222491966,8195.212803063007,-41584.04254228987,33962.75033214321,406.86442785835925,-40306.18940232023,-30016.563349669323,24414.990938895582,16718.62690986602,-26655.259424401207
-18208.787585654598,-56219.308168334865,-50625.822001099026,41772.26828397065,25031.917238829534,-44649.85697822544,-49432.872397254876,44919.9852551202,-67582.7750938797,-35931.94976516294
51129.44556691556,-39006.855597953036,-29849.314405857327,3283.702346751914,16773.881711881582,-5735.963990230394,-848.176976315802,17383.069331593426,-43092.31865766072,-41530.03688798283
48478.68084085381,-32438.86633300998,-72254.04727216234,-7104.437780973088,-48651.17007307036,-20691.75254590746,-27234.065439294103,28517.819693294932,-52545.61598072984,-36675.13210953996
27563.315572722047,13237.190886616592,-51894.569142086875,32772.13775724819,-25764.577241921183,-20719.917811195708,-14033.38584593496,19911.323652731196,-23827.038427539126,-48379.92250298709
69380.37972233683,60566.843616514474,-70025.27653747548,10103.790278169066,-61024.38583002795,-40129.08027205121,-94466.44867578345,117538.5983691638,-68535.07798191447,-29137.515894710337
49288.943460302384,8424.08509261431,-63486.220603077236,-52512.24699814051,-745.8587964566667,-27335.018615652956,-70899.47971757878,-23485.407179889185,-35105.8676660185,-75468.79268464727
42445.71585400678,79125.0693930382,-25289.759172383376,18046.372001283984,-58132.55150201013,26395.666061144155,-31407.585691704164,33527.01859246057,-66104.58918463277,-70280.48015268776
63672.34280125203,-18688.284285925933,-32578.794301542854,-19917.999524231996,-23361.83115804468,-21392.031261591936,-48547.36912084673,21435.07745139565,-54993.41531633686,19358.80493299679
10426.716173493855,-11472.801420616683,-55431.32021501904,15792.176566652512,-49695.08100274837,47426.52585831787,-8367.854351882901,20405.652591335205,-54807.59449817889,15742.580631147495
-7506.012006600529,43581.19269395495,35480.5126276078,-38931.053086106615,10410.53020523985,-42626.95767345294,-56128.403926948566,120352.8594857013,-76359.75521512314,-6732.766728204907
34142.28374836816,18471.231458789694,-75708.69554840581,-88322.15945112056,-40541.47576393405,-2907.6943368417137,-73525.01257311732,1790.4403681682347,-73734.83928507706,-27967.51907402036
86760.38160591942,38815.55516022572,-53610.72554795611,16832.30218686899,-18805.05452525241,-33682.58523335349,-18550.41280836551,40641.762066982934,-41287.374104977076,-65364.12293843379
52661.003603009754,-30486.457205376362,-63827.396299785905,-32631.2668513343,42629.090672471095,-12898.068784692901,-58916.6613606083,31121.51617206586,-58524.018423867456,-9896.3748141817
7056.094336574639,-15276.901906340558,24060.932661426596,-36757.556889082465,-14289.365863395433,13557.445008420427,-37470.98019068374,55686.12554982156,-146070.61696221132,-88645.7317761391
47642.52768458311,-1314.791791215581,-16238.238647787659,-27245.81665719682,-847.8218066095957,-59340.04918676895,-6341.751653765737,61079.09631468152,-19469.863491470824,-79058.10118569179
21423.475018512738,39081.65692695466,-94697.9743087576,2518.2479860571625,-37174.821751341755,8893.80210002524,-40188.83202070275,71445.4806822314,-82346.91575042203,27748.675496081538
-39353.74721951099,22756.75210401137,-37415.83670985451,33444.803285926435,-24302.269519655718,-21004.79708698143,-10495.639136945472,49236.12502285683,-84898.5934235779,-24920.990747236363
10891.780786280393,39110.598126367884,-88741.98819462274,4637.624534678438,-28974.97385116017,-30646.8518446961,6281.445518868979,35348.58989206979,-42534.00637830729,-48701.222568904785
-2864.8055640766024,12005.387468935833,-17648.1643110948,9899.90195611417,-61401.928143456294,-40926.75748702641,2991.292950885669,47796.215758206075,3780.4202293781304,-58964.683965243305
9528.44169951991,-42635.512440326325,-54226.02710352588,-30247.73279587506,-4816.812587052574,16422.98430713707,-29059.17184124847,28487.365965178313,-47526.68525941862,-34422.2220776072
14747.902880256053,-26654.105015901554,-52207.57709755839,3785.475548221303,-11183.277671297928,-3758.320840645325,-38580.66271307491,61947.69258037384,-13343.681378903622,3981.8179662780976
3883.7479342248703,62328.99953161538,-54045.281690391355,-55051.904679711915,15725.913508950794,-67067.67209210095,2645.6770837269864,15855.796638648762,-105277.03615802256,9739.445757989593
20626.425833179903,160.99933992775632,-14132.610396019305,21560.446088961668,3343.457611839278,-54186.31059466656,-50962.265649580266,-15064.31831564238,-58467.792147671695,-53840.29155727789
26726.29504434461,-39545.225848472306,-81317.04064153128,9951.988645916548,-54701.63894106097,-36570.871321823186,-12802.454560381246,26075.714869442098,-96522.34203700673,15826.110258108556
24079.19786382882,-44974.25003369207,-49390.910191279465,-28144.9166947826,-30702.146703191764,-65843.88742322757,-15667.726055110346,78685.73341624529,-26703.93248086454,-71850.5988285372
-15348.318714236335,-18528.27789541029,-34065.58264822789,28643.207955714664,17655.90959618702,-2370.66993532116,-23442.66580269313,35170.96649503084,-108455.75113923337,-100187.69579284082
33115.21129138632,26233.018155128448,-51614.61459731042,3809.2836827621604,-38787.649016275194,-37060.61515042701,-50672.202453998434,30703.818385810966,1304.5878167762062,-59533.6073956108
88511.16878595071,30498.42898087186,17114.262362263977,23360.795100416064,-13393.363401991579,-59026.17698534379,-29470.880876874213,41720.39196652741,-32959.54868386192,-63712.640778457055
35840.888394829235,-2897.6718045282423,-101959.81728966668,34147.60627846981,-3726.4370545568772,-73747.58892046969,8608.148090820778,-3447.361721962521,-81278.42658441309,-43495.67838931129
28953.005991420505,-35055.582112714954,-56347.47340373079,35650.709264950914,-38997.41681664236,-26605.01458419453,-51297.22182434058,3071.529285947554,-43438.398335312966,-23952.799091804136
-17061.488336294038,21473.581380053394,18952.987290148674,28528.572550076453,-47680.090921254035,-4569.1091054817425,-7087.292229075119,74096.19030722386,-155398.26127569337,-57241.39957826171
445.0955660453277,-16076.127199133633,15284.729007110953,-64.99864835789305,15804.896807318502,17984.287411081175,-63126.63000809692,59336.111448045405,-68705.73190456729,21487.614581912985
39998.53119594708,-5235.088992595612,-31971.922787248517,46529.62967175929,-55677.39257584047,26506.524291573834,-20325.041757321644,23476.955907824566,-49823.02609786763,-36722.970613536774
-43634.56687976717,-44095.33128187065,-27801.579541534575,-43470.060026147876,-70746.86959980753,-71813.41644085171,-5729.024586199353,27690.835978080413,-65242.10174551496,-10714.414494963914
39572.93724201529,-23294.04425802801,-35514.940142951105,2326.60043211746,-35746.791265821856,11703.232007469736,-73545.47950313053,25538.64912069023,-20494.54114497462,-49354.10390926721
111656.99501829724,6956.204162863743,-73275.75943315368,-43747.50978416186,-16014.711575810443,-70571.63021302059,1153.8792790990926,46687.91527816711,-16545.570025789162,-27848.79855198719
46691.3824508024,-5906.255277984852,-6400.389418740431,15945.52326161882,-18111.08389641958,-52765.187071825836,-22303.96326631691,62101.78842814574,-98322.36081260952,-10987.68371504535
73025.91763460024,-39990.08651880864,-73634.92895030082,-29252.924611483726,-70862.5107780407,17367.842757606402,-7424.4592285410345,32686.623915019645,-121410.98408265076,-53365.0682247728
7723.871673417972,3672.8807994549043,-3616.9706711846056,-23611.391815184343,-46423.50180055305,-30226.395991800124,40953.76179498669,18969.588117120897,-36907.10483575677,-22593.49459996378
61338.58411856132,31224.930271463498,32312.532238259384,-19543.287233717077,-84392.72009868405,-52234.763832262404,67503.60667309139,5483.262481716976,-76241.73180955146,-119244.67431432224
-26861.227613574967,-21055.10869650989,-60482.09512483795,-17341.38955507288,-3036.535216608263,-22710.40396643409,-44797.35155005539,6328.769798430561,-85713.1759472562,25547.57258560637
37343.94912941386,58083.86750549674,-21734.985292542675,9579.94559098207,10485.52758228809,-52373.99486145233,650.5952325377909,40151.89178000195,-66780.55323332288,-47813.4965032757
-6251.487994249463,9467.055739504425,-47221.384331679736,-3126.4598856431157,3265.5598570194034,-44103.775054282574,-29014.748271713586,33163.37466660869,-66411.37465962204,-60890.08882949482
11251.7990217119,13451.571362648117,15377.444401441591,-31937.002443359666,-9777.565140474811,-6160.235129867534,-20154.392609717488,69994.54515856164,-43859.32997737942,-113560.60646949941
-14272.678834033828,30399.85694203575,-37811.10636679535,7011.233415058296,-75166.57005260763,-49642.36053790047,13044.163693288394,32820.00608410305,-45984.83744567369,15496.015043579342
66248.2895233564,99227.60196552136,-39048.185253087504,3704.7627301995353,-22496.0911996563,-48608.410766268615,-27160.154308083045,65363.12597882497,-24822.031262350403,-49366.714692625515
106398.13972871313,10509.067138483375,-45715.678835980085,-49842.35177141418,-23576.4246209914,-76713.06609409713,-38209.80829535521,-35972.41701591981,-21945.780838782935,18848.84759054998
45548.51541194641,14385.405424520679,-46486.526678289054,31358.474318748355,-4421.906307141503,3776.160781127885,-45792.31475380375,12637.736811940853,-67681.07929138427,-56294.27126719926
-6421.16063924515,25373.042587357413,-13818.422760246047,3595.9508702889625,-36330.19178038592,-19991.251820512534,-7555.470719203185,32251.938861477265,-18401.122808222368,-30028.1160635293
8233.476855364215,-28921.29849532675,-4692.734028569535,31575.199012418027,-21102.83462967664,-15571.969347023325,-41193.80912909036,29548.7670304915,-105812.82822813903,-54479.68419792925
25121.126910978484,58591.007503358735,-40044.802563794656,1885.9961190835259,-9194.684147607097,18501.977017765552,-7955.293374312994,-22814.493425029723,-79340.89429918704,-29789.529921605645
34267.51657608652,-36756.80304330856,-72854.76243981902,38964.782484761185,-19718.056585598497,4498.643508063044,-37515.76296346306,40812.6161995568,-84083.43844377817,17945.383238644776
21488.049723719872,-21711.184508733822,-10025.22410402202,2367.309528567798,-23911.11695908432,-19431.247677685365,-23861.5810929785,50154.92877078325,-70215.92872661067,-14936.848913577558
9130.689816439273,2894.0102016063925,-8789.98221621014,-6040.852607894811,8176.726145792692,-2756.8663793926676,-13262.886810377799,12509.113753309271,-25724.378825499378,-23145.23876169942
57017.641393435384,-27002.17799113464,-42800.21595099117,-1226.960867879277,-19167.71833364451,-76361.78173708178,-133361.04128581294,34474.73713926862,-15535.742749249468,-33522.57258938542
-2371.4562034342607,33886.05754481948,-68365.95939144092,29047.547987115464,-8432.839743995655,37552.01532044966,-39173.99683851148,5225.2062470969,-23706.1132144356,11606.228714172401
-19033.55868780584,7946.429323818813,17669.352914350507,10056.454725970307,-60888.34748309277,-50226.64941029251,-77002.9127204395,-27056.88511094251,-41340.81513071376,-46954.817356224354
53676.962529359815,19065.70441388456,-61794.122741953746,72614.35297891193,-50127.62282899724,25194.76598195199,11757.354756998979,52962.992597319455,-2800.7376789872465,-59113.73430861756
40362.23232108062,-19221.83028587758,-80727.65249521313,-29153.80483869955,-47189.54934919143,-51664.54529199761,-25524.483700294262,50554.28282263712,-13752.828088836459,-73243.37894515166
-45277.67516176886,-10485.357502324487,-84952.08995662058,54602.10007168516,-68449.78800764334,2653.3326496504396,-2368.7796030232807,70414.19442675855,37919.81315141072,-38116.56055989534
18661.40992840448,43566.7422581646,-74384.28865807725,7728.673263320345,-29771.502909161085,17548.03582771129,-58468.30870176407,56535.2776283981,-5305.938659739614,-33976.07025661964
5437.94194945802,-20284.874150650172,23443.369033433002,-32003.050595952263,-27533.597138035122,-22365.386814788944,-94997.19689222772,78014.16515396332,-62848.08914475877,1646.86449533607
6652.6536994349935,-5259.805502744093,-37056.66273570625,1689.0727531952991,-44375.73009735694,-10398.038504603119,-7835.048636524684,-15501.633205722605,-92230.69044233621,-65804.77654308414
-2604.6019564453873,-4742.564774959007,-56970.08263459221,-28181.83729145119,-3629.358063713797,-57786.89714315905,13655.545810708601,14871.95399638538,-35247.462004419096,-16448.755845833617
53249.65356277019,17268.62364232164,-33351.334165003405,31795.601157146088,-32728.78850092913,-28286.679044756926,-60314.59559061345,-39160.970540595634,-86033.30938067137,-1892.2513858725001
52132.70585679656,27276.211612022773,-19587.4166731569,3998.05624205976,-61928.18284502335,-56254.376786246925,-33107.62779063747,38666.815431387986,-43099.780574863435,-58411.33994636342
-21197.612553679166,-55310.02112319824,-43659.478979483014,10589.031205340987,-22799.77647310577,-4891.114597688331,-8460.394498534544,-23238.37596253553,-53300.46191967744,-17193.25804919458
24879.08107667969,17965.4846297106,-59842.23903519553,5560.804750851194,-45247.025561675815,-54258.757560028156,-69331.45290229293,27823.914719572807,-95513.05435933034,13154.012226332508
-27975.086125856094,-50624.940594082975,-45805.85746793207,2509.2778904036377,-7061.604729481918,-73664.5748563204,-14258.99073573219,9769.277136789568,-35862.01689299293,-79305.4418697909
99751.34056031166,31218.31675837384,-59172.682403178456,-28212.65580448827,-17051.25785043564,-86890.28682482748,-56515.64040530455,30240.113129384736,-39225.55912647642,-48411.92708010266
-8116.980249630516,6811.700402891221,-14379.820097415104,29082.520205724766,-12203.712300430365,-57808.013708968894,-47656.42007895481,22316.9113605566,-3448.6419360687564,-30494.673315463915
-37958.20166236726,2598.3658815728186,55905.99923077651,25124.95238530552,5098.6308236730465,-46241.053520276946,-43301.62791335347,52210.33620126136,-78554.67411752493,-26604.89790399014
-7318.169507384288,-49653.705034368875,-25765.252352383613,2099.1582663057898,-54051.33327349434,-43764.65479327738,-5395.954876005886,58582.28724831747,-10876.851878456697,13784.643659030171
38510.04752966428,33807.63979922587,-13353.152734448977,16977.655145459386,-52472.68625980306,-58110.004712339076,15986.777121512512,-30404.834047702734,-723.5554875448528,-8325.661241373873
41958.05309400569,39271.750998966476,-25048.21085948482,-44500.9751277601,-83877.95326814023,-3172.850446850315,-14333.708150877603,69789.15867165684,-24808.369640479286,-33416.44271853644
56269.26923052706,-39411.99501950734,25748.421466292144,47545.37539971361,7923.212946296415,-25751.412769847564,-30981.51694676639,-7831.380846967272,-17257.7321024368,-29009.977365329338
57316.76812624753,10960.804758641816,-49393.666246201516,4415.041405247927,-2318.6319956468283,-41470.17939030207,32144.926544085392,150498.8789076424,-106845.7499884676,-80190.78895844138
34162.27312225659,3963.45320775009,-29237.756480962442,96647.97619287144,-67403.31809675938,9115.354007867158,-36610.86515539089,62978.322009202886,-3069.9167158640307,9239.715094471008
86111.47370786271,43508.56590906374,-45322.286261477864,22366.708689109488,-1510.0617666489788,30959.675237778516,-35741.37620961502,87157.34286325041,21013.08356960166,-91822.78397400554
1421.0805283992693,5177.151483806558,-79459.87816979436,10378.545340703442,13432.829952764656,4618.641870820329,-49907.27578061703,32209.635442177194,-49070.58707833991,-27571.2213681769
76429.11571804745,-25949.541141074904,-22848.47920936071,-42143.63693612848,-39231.916031978384,-11741.831421193354,-6836.154201790678,46142.94783423128,17461.388134193403,-5411.237925294108
3109.0979680374976,-6935.720217367839,-62123.51948502909,5231.430992737697,-40037.39670338888,-83337.58786938214,-44096.603996392114,26768.185673204352,-8184.637125384342,-16667.19479821263
68318.08564500784,-12902.42561620259,-38949.455826031946,-13193.747850617088,-61008.96797033568,-51941.81334068796,-44320.93922645486,91251.40022460929,4637.97427010552,12162.904024921841
-1538.3884020202916,-4915.376264972463,-94494.84366056693,79198.576143421,44790.53658921581,-2142.907138556855,-20826.87726647776,51690.72598848065,-35992.110292643396,-37654.65004435326
76062.97624691369,-2966.1712266419017,-62984.988708697216,-2954.461280080561,-36550.99784496728,-9064.967890065684,-48948.29305191584,-9861.02105148655,-5106.564982319708,-60998.09209949227
-12312.481327727697,32140.025157963835,-135269.14001609865,-11429.72113832381,43375.852500431174,5441.938144042419,-59275.205103029744,-24445.95020434986,-100446.17029528886,-15986.49451688128
5507.547209377951,22487.79661736259,21935.05200597324,693.3669832107935,-30017.02062970808,-11211.768196484756,-33544.403527343624,28642.701791930605,-61235.555796900175,-75613.57067180547
-12478.541828439513,-15811.878619474785,-33310.86193728399,-10137.286027099008,-22869.652814654164,-17655.752885330436,9889.699576970834,72826.08676749935,-30279.147447879124,-49133.74765901222
-9291.147555866331,36088.287753932615,-42317.62478936039,29257.895223762418,-17356.8854301833,-26669.624332043793,-83502.61892432527,68916.00478109872,-47016.33803356669,-29390.358615128836
-11585.942954012871,29423.26827848101,-7810.5294937445,22293.78507658546,-7513.177817405463,-87793.88403782407,-88706.71039414793,62066.519916364756,-47444.38521858665,-8970.859695372832
67022.4463974731,-13632.825740596048,-35497.55937120795,-11582.687279973823,4230.872682077153,41371.94375331362,-36758.235750742984,61644.577322664445,-91107.56706047364,-38693.160487191504
-20517.18885728151,-47741.24710465086,-12816.52206477737,9506.470556026774,-14491.15329800972,-65135.30846614088,-95910.24125389745,45959.179608118204,-52503.20764426934,-56374.464380444406
59863.00186940533,55028.344284962935,19903.583230032214,-41107.38465074838,30533.839107394717,-43580.74794254733,-78718.9184160052,5482.03754438066,-2529.632389466455,-34696.05330688032
-50431.05615100524,-77059.7654554742,601.0061149739058,34561.46692057406,-24221.094609654923,-102700.71920994371,10855.264086320663,-41067.10049833617,-77971.5267046923,-49837.257529535316
-6138.503472184835,22289.826297693853,25510.214776799192,-1097.6433515984386,-82754.73520680644,23793.605902331306,-60760.05684162324,-11256.863683126003,-80969.78172075619,-115081.8534674339
42607.17267278378,37992.34459405465,-75731.14508187376,27405.58396987266,22772.080465629195,-21341.636249265004,-41874.40235788023,106978.22538704588,-68933.34771434964,2732.9059762888246
49787.30585865658,-22120.275142546645,-32461.005314629627,27243.101956279894,-72543.98600351252,-56133.38486872843,-127040.28685113066,60785.32024306517,-32908.76257208646,-29181.53714874721
13812.547761525566,56260.38758187199,6587.31002121216,-9028.21512195053,-89728.4959492816,46733.945812946025,-51047.598379643736,-37391.170711012615,-77959.2679574307,-53835.76758604302
11397.109702839238,-38598.02456091013,-83569.25268005047,54251.33118609352,7208.486404426539,47610.62611677576,-74784.41908749787,-27143.24844246493,-97801.50210527997,-35570.20939056028
68863.65819766288,-46413.86644982865,-68657.65583090992,70274.42333954018,-43855.40389829262,16553.554593749115,-75467.88969720823,4072.2556368540113,11395.185110629161,-56083.02794144651
-17610.53999562121,19735.730913188636,-96319.5153561248,3158.4119882913947,-71444.37011611974,-24999.884066795497,-46578.05038141549,18142.79585230139,-69731.87955395652,-10084.232199002743
32343.006230992574,-1573.925571688351,-28803.752485782617,17879.729493823434,-38031.71166319579,-18082.693195338925,-2221.1157730128425,46337.988751319426,-93375.47671958363,13073.628709762323
1041.935261539427,-38974.80819454651,24721.870586850342,-27162.571627803613,-31840.388719702758,-76048.91097123863,-34595.890255496415,14399.726408374729,-95712.45382050936,-21384.767847872754
86599.59226230472,-90571.36415372629,-113257.3194086083,-32634.461849486746,-17654.10936266361,12866.702641484857,-64996.955658311745,-4065.9500182655356,-27130.187592968538,-34129.58793263691
-8996.82847101648,29923.16380845747,-18120.815600168007,-15377.40030430657,-80313.57814641682,-9560.045328489885,-18623.880746307022,-49686.36518257644,-28379.39752346982,-11911.854756066228
29703.238472833316,-749.692109918901,-95042.65535417099,28696.73911714326,-43179.88319281321,-26853.5721760245,-68610.31422972455,34600.340452240416,-54947.40062027493,-11905.304027448099
85370.51078134857,-39619.74512502129,26159.239680345425,-6503.191434839066,-80557.6911348855,-3175.3588366391346,-5379.874373746961,70288.96558246305,-54948.598598894125,-51065.30647182351
5344.782934679209,-30452.097677079328,-48289.9193564485,-101200.54421812823,-18397.532418999628,-26255.031974991613,-30541.84780788101,36872.9562807481,-107718.59917246792,-29645.29369717999
38142.61084489047,22765.946076314503,-76694.65086006957,-7822.624273017498,-44598.01499357169,1892.892086484499,-37346.78752558272,17809.541207257193,-32472.34097595969,-91721.35963166135
26836.528446458196,4625.876798863306,-6754.399023465803,-48915.878513589305,4642.304449819334,-60330.74365538736,-86637.76094213035,38280.3347108583,-60236.22421752665,-92501.36100491603
-9981.051326507179,13744.343879736833,-16171.10140441714,33928.581453725106,765.1496118648902,-41740.41370025856,-70286.19365239711,2707.6390312813105,-75318.5448700291,-25589.90598324294
28518.48888179975,28644.308575989187,-26316.351063169954,-35096.721461607136,-28111.347215719976,-34287.91847412531,-1851.4595864370324,-16850.726637858636,14006.840818110366,-21664.8935507897
-29537.581729068577,11850.967917008733,-19613.13564842519,30425.95756211235,-51240.26487168115,-30874.43383390978,-70069.27610632345,33778.36290873205,-75196.5695305199,-47036.661655354896
54387.00279784999,-32495.132919187345,-53763.1083052351,23101.75686655188,-49863.17876525028,-25273.214500094473,63332.32218899809,37713.88196670719,-51953.33250046819,-25295.270507175162
28928.083618585257,28369.086599458307,-32328.61025260732,54580.308121241396,24143.497926593314,-45888.1807952246,-5332.901306829418,13473.30172140049,-8516.071524393179,-76849.47853282974
-11734.264062301983,-52854.37717820323,27030.815152819316,8569.38491060994,21127.30423623726,8005.008214603384,-43603.363187387746,-22405.505210278927,-47776.18464373028,-64999.79667123335
58425.13000614903,-11693.334616113298,-27771.200754234927,4251.750157755374,-17524.608307050334,-6341.6659170675,-56311.501029149775,39375.751507594505,-9504.381810363659,32073.118663365276
-3010.1839369433455,1224.706641191062,-43867.56707203362,17268.750869350177,-63375.4811050089,-25212.3182331339,-67526.98172323692,14268.677033790169,-34107.993176921664,-26839.32507085085
-6590.794942838521,1561.208923438422,371.2501567554665,-3369.0057331454495,8252.558266359996,-20597.646286226707,-81064.41381219124,55122.374464904875,-56357.034044789514,6472.363438251909
3921.3247632990256,9250.009654528067,13275.61776143507,25463.351110654672,-30132.299499720633,6304.502153069524,-18957.89437153889,33017.68533329545,-19269.091264466162,-48794.43309050585
64033.41809160052,58032.44227903274,-74365.32389808647,-38640.42046726839,-19384.817711650594,35576.391705720285,-67388.40678626993,24063.623912776235,-51398.64604200776,-22574.69021025642
67569.94726345755,1795.439202024089,-47824.87731659632,14026.498258532487,-46169.942026752804,-27014.291586741867,22782.72762322669,41016.693905776476,-53169.60599499132,-11139.225864889546
43931.547651524605,-21439.701089597154,-16922.7051859217,3696.126582624915,-37845.24198785145,-25174.067573867942,-24961.42579890988,54487.18854101883,-51046.5759677524,-21268.477911254988
26004.62660529615,27182.915664259275,-3640.509369653565,-25269.54108430276,-14746.806623611226,-82672.45907704515,-1179.5487143419198,62831.91479433499,-136629.5979558133,-44185.33975230984
59738.87095419554,8907.928052787476,-82119.78083813391,-51486.978920730005,-38080.1067076091,-32600.50590948004,25061.885067408257,7586.669429413751,-88203.4471388449,-24816.31002058773
55475.38716902876,44478.70111852845,-39515.193191249746,3623.751629786316,-40320.63875364242,-79962.3007287905,-6081.968724741042,38852.73805937142,-87781.66224548708,-46403.93381303529
33217.600191541445,-13087.776208791374,-55574.08388672383,5974.32656235729,-79234.32348697231,27778.172563689473,15981.795826544561,21216.548728302652,-40264.59839569075,-31524.210784262268
7105.228842688546,67135.99937508772,26252.545226354934,-16972.90268009562,-27332.38163166664,20817.257936943843,13397.716422290827,794.4222927790756,-100042.17587107662,-37113.998651348884
21983.748163905846,-13613.727756285632,-40218.62204201331,-13127.813282182946,-17330.262384283014,-20285.918891862802,-50390.39220993704,62046.98045050952,-42278.60879020254,-59562.49088890719
-86.94992784033639,43152.5610084464,-21309.403591218972,-15165.30863098896,-69944.65744070822,-29873.531046694694,-131116.59128240182,53079.57242460651,-44879.59056560695,-29678.97956640224
62254.464762604825,46270.31262421928,-47166.33081278965,13942.61475415716,45698.90368271253,-7990.930877698233,-35408.104698830524,6923.7245345721185,-54960.95162053909,-55024.30508760951
18331.689324955576,10489.860635398829,1692.710778988193,24788.531101096552,-62588.3943471756,-4823.573410584621,-18214.591610524105,67179.45532744378,-51400.43279400339,-50972.18620249811
-3960.2143463541556,-1638.6108480796036,-30395.29629969617,-23852.207150375783,-70211.30011522849,-57481.64023889794,-51255.02080012676,45634.173046362856,-35838.635056642146,-48899.19170740908
56800.13995297583,8934.540666061275,-70547.99364566497,-48258.811031866455,-35411.815324257055,-68003.3459615137,-46546.448404333234,44.8259841028485,-64644.34784779754,-4774.968785837446
-50279.728249064414,52216.17544997829,-309.2035731509476,-1417.5533886238532,-8146.211171653054,-15416.978898165751,23533.032968097155,-11379.224693981132,-107892.67604490822,-34757.870363189555
10324.006047592698,47519.24110963981,-36074.79491916719,46721.32641650397,14922.321464764818,4633.8754233648015,18905.617271711057,32720.97086073161,-49132.73289283049,-58480.48654148089
-8018.446076581931,46098.96713731173,-40880.37681309947,27364.927854924976,40326.60626654253,-68992.56437528056,-88093.50172780776,61436.50375264991,-42184.88980186475,-102480.888706605
72995.33036682832,41543.484456599756,-666.7979357207707,50808.53961402361,-1058.8131048794528,-15968.211756428567,-11339.171873108537,11492.003261896403,-96020.99270456177,-7691.33344894108
71109.08702172378,-28947.04467216757,-39279.01774454043,-54446.616545465724,-41137.90615257051,3694.7503469102785,-29898.256122228522,-40338.85749174601,-49960.17992045698,-99041.63063082682
41290.50930699492,-60674.779327022385,9764.531772364795,-37897.16660920555,-20978.201632430126,-19951.713614037224,-84240.41049079341,18432.14808282587,-27905.197630244915,-86351.59339731898
20072.28120988765,35541.81263555621,22462.700553210918,-12130.046573271864,-759.9859063201224,-16392.890782383234,5541.713081097086,60420.092280597324,-30013.604091468227,-92433.17858742748
-7019.569849816182,28500.67471273065,-15928.455330610084,12052.69717436991,-52316.860456945404,-51043.4303584988,-51723.01806430798,46084.504964549866,-84305.74078295958,-35279.17398938658
46166.290946955734,-6543.2961711494,-51237.252377036224,25812.839093906987,-69956.12144080247,12904.00264109272,-16157.416288816434,19778.356971976067,-94818.11181180962,-57127.632826526424
62709.76900900685,-20403.514929806694,-54988.89445081151,7554.864226548927,-44908.43470911547,-50281.99875705535,-41314.60530786379,10774.139079467814,-18162.270143060665,-72523.76553321267
10130.683087965172,33840.27540103668,-49919.02047623285,-69200.62645753611,-3563.9198936031153,31168.05741264249,-81960.19659463283,33249.406385589704,-108968.60577920031,-26097.047678514027
58344.780777465676,-7338.652079136008,-20710.10074903885,-10540.763024211115,-26731.68194660099,-38763.77059671397,36973.31372706845,77631.56680240671,-58871.7658345109,-90065.1787781354
89304.31210923636,24654.98771499197,6938.738071574406,-39382.222910411816,-48997.677129760224,-46221.08212939549,-14570.283810154917,36785.65766037418,-60730.90598813465,-12861.587499582125
5306.359353699272,35784.126278691634,-1600.1038782233347,-42770.62525153887,-9512.46740303064,-25490.877875660426,-23860.660366932192,46511.95334216829,-79749.8083080931,-68749.21922723553
72217.79062556084,45112.348131231374,-46971.354930017995,23674.846238467617,-35920.917663001295,-77598.48724918821,-26747.608205031516,720.6172318414367,-50902.57656476321,-36093.87258678382
76920.92905109673,16138.376524965455,-61501.66521773075,25665.26951042071,-7445.984026590965,1864.1356502138221,-20171.188429382375,-45027.41705646138,-76188.55928499464,-6072.694497908144
6536.044458894314,-13840.661805500444,-17528.682534322776,-3631.252994826751,-3054.641858465777,-19766.492268533242,-31295.840594517493,7451.0954431471455,37664.23576125126,-100227.0270249115
-19688.542332048706,-13241.780995604546,-10664.517280387694,-29872.60793972607,-44090.33108758543,-24072.42512259551,-19068.501383889317,41910.59901718385,-54546.43625852578,-33575.165350964955
47226.95917370302,52380.43237640052,-70088.90043609045,23493.479204126965,19313.689712228308,-33659.50044499973,24599.206754095743,51113.230394142185,-29249.567183548777,21251.246044567026
50108.398683514664,21423.48930315658,-39464.840096175496,-14381.505883234364,-26665.12083717899,8049.674592893787,-43030.680818423265,42563.318485660595,-72937.82437167488,-47656.47516950067
41300.9165974025,-2618.75814146904,-9925.994204726685,13010.620710927109,-2809.3510976702437,49706.189196986335,-48245.74701450743,14829.798188662602,-84269.66554675899,-31237.504798652917
-30788.873056652672,-43078.352153409236,-10865.783724753901,3069.2748419564477,-19524.477526655206,-8192.120286766767,-12372.11082301417,109134.66500266307,-50249.97446408326,-22598.50762463919
28270.83749677148,40188.66451428953,-77033.91435057961,-8069.9796905189705,9897.404830611882,-49550.575192034106,-44135.613876237745,4967.676750515254,-75084.33592263528,-15451.493519499874
-9678.552319617367,-3089.1261455555414,-40338.48498467394,4722.495656873599,-11660.037118760136,-41050.27503173056,-1504.4115721237026,35499.46844695877,-46420.86639499884,43743.77889816607
7878.331668379658,-52545.45882164306,14719.4457510888,23956.5144430797,-55835.10414023909,-36700.81971918764,11827.840391955198,46428.676218143904,-76575.06052036355,-32108.493051551115
-4005.2813601412167,3545.011588313315,-40241.948668830904,-63120.45404931905,4152.0542358224275,-55593.84908909268,7997.942738768459,19430.59898240557,-16359.369717717753,-59768.85769300536
25239.84866465617,52357.33123441936,-44507.8142029661,12086.714729538518,-36918.69462041741,2284.2775060111057,-44862.88486085156,-32535.563076650753,-45121.39710667739,-32254.279227892286
54591.01148019981,48816.43501679424,-79474.1434632151,-69030.50473256569,-39628.067389823984,-43980.86345966923,-13707.640175012117,93525.20330551655,-99227.62073069927,-55317.341092378476
41236.052446410686,99901.6108326325,30230.830930012,20223.17213160375,-7372.864792748947,-45731.56760485664,45217.26935745736,48201.427149799165,-52630.97662690004,-85188.22726655386
65320.84559025993,-5957.6376542336175,-57459.895663192176,-28557.727646227053,-40531.24409759983,-11102.901489711456,-41485.561818287235,97866.99199252516,-22839.85713030538,-38868.29850666554
-18771.782386747112,21395.81646531762,-48541.738498473555,-15057.328146017084,-43965.97568284453,-6313.875420226106,-37174.49933947186,30743.838959930046,-84721.5455751595,-29879.711758271245
70607.78411366366,5515.778730757165,-76486.87538752341,-9419.175014794302,60270.64628448263,-15448.997734249855,-44164.9348085245,110541.19592775413,-64342.38169119606,-21761.822173287146
74532.5249009322,27765.247536766205,-11822.325493830376,-50900.842990284735,-111115.29822437545,-32484.86161854064,-39078.33813088311,47141.006744316175,-18569.519642675965,10753.159811341306
16766.908411202134,9415.20632102961,-29653.26283983378,-12662.00865570525,-70847.23718272641,11393.207850118888,-41574.8227276853,61432.82778186971,-49312.0680570057,7984.69398303764
72427.10161001763,-6317.982487082571,-23865.925867396934,-25524.449748834588,-72158.76706871203,15217.488923800389,-80584.32151599175,52107.77238680863,-26166.02972238582,22819.75017117968
-1961.359229212757,-9083.824230497741,1818.294919278872,-35992.47394564827,-53718.71412091598,-14754.378103911853,-45307.15474822635,42963.49707926744,-5351.224806898046,-23315.799489111592
32519.608486889047,-24489.44504859583,-12306.294216803397,-2827.843645108986,-55447.64369840055,25137.075491479576,-79812.4523682174,50397.02625437907,-27553.286532466598,-94510.62329440816
7204.232364591829,21648.882160287758,-72072.36772961356,-46859.08624007924,11634.374907889274,-77919.39213014489,-39059.04713250064,-7091.453139282459,-100849.0413070946,19624.45253243013
2590.0850845132068,34652.91475293776,-483.26577820677346,16201.802020167639,-8247.195832460284,-32913.29447960228,-30955.763500457942,17387.807752613888,-50216.14944969853,-5221.6701684634645
14873.878095203194,-58613.787141639514,-35618.22875604519,26523.06297516919,28120.754708881468,-37224.767877091086,-88099.21544715791,15399.460210857253,-116679.07754123441,-52090.96200110545
42379.95972002326,6701.799237802562,-45669.274230579314,13679.567619099593,-35641.38575649866,-68830.71153256022,-12462.472685252953,66448.5053256857,-39630.462186159006,-20480.192176622633
57596.999020022035,-20753.08051616818,-50079.822443723024,-11484.331011692384,30832.654315942335,-19268.793050164906,-38418.05823894197,32863.73874070753,-50133.61648383515,-37865.876651067934
24741.90348060047,5175.1330522134685,-115120.8511424015,-19765.227440269944,-41462.673126569,-85652.81488517222,-82827.00252984113,72635.96246870447,-71920.71869169762,-33518.9790000425
48723.06900788454,9930.135064826425,-110821.74719859866,46860.51539252815,-90168.60951652678,14757.708859215843,11557.499431470922,44043.34196279643,-122323.60623866852,-97821.13449838445
-19592.214910960465,12587.31356481782,-82103.86424382924,-26310.90811667429,-48402.77842267636,-24641.19416638186,-63610.383546132805,11080.127443284839,-24052.12389713575,21938.34259374441
59936.03926952537,37105.75229800982,422.6054837851479,-34500.461986084956,-25681.655434981945,-8878.471972250307,-69003.99495738801,44113.34758347763,-62264.74387738659,-71145.86862155295
12361.349751365837,3163.9341276169835,-73459.05298199171,36669.25828630281,-51622.68389984211,-52747.73252493035,-45072.536867686315,48682.675141692955,-74015.5589189533,-48523.24993415425
41636.83698208741,-1106.3788957990812,-6390.318351138734,44691.74345227527,-10680.211000697953,-12861.498399003269,-20686.024263530395,8282.327519610299,-36382.586319255824,-13726.355885819054
-24569.37068679793,11031.953561665327,-84011.25695258078,53983.41319370675,-20134.245133972614,2087.1955817368193,-11208.543572521108,26177.435313739974,-41306.68126715388,-1186.089558283817
27366.915702359755,-29600.873512395723,-91774.42525271393,-12708.821439970721,-23893.170761291218,40001.585492617734,8843.443178497524,15850.356974396489,-58600.12518393175,-56151.66359630769
9499.44463901238,42779.05068622277,-30311.030347532276,29752.179371781647,-56540.06947462413,-16944.09938662247,-26614.652671987576,39783.201859787056,-19721.486796035766,-9211.14737898497
7423.861308934684,-13817.186356374023,-9612.68510371592,-339.5495961188021,70529.79107451523,-12385.103740118277,-20743.806825686854,61605.74816012798,-67244.73067997459,-40763.83804620147
85311.41957460457,-9800.259161082122,-65121.19215718549,-2963.519070773418,-47936.189873251904,-97852.42016907895,-56186.494842960594,-1198.8924841141788,-30503.105230689267,-32264.761242301367
44127.06505017764,7365.116850734433,-27176.671730466005,630.430117579019,-22961.55225966,-8392.959681075952,-56191.76969041798,61639.54601128145,-101821.93785918313,-65029.284702731275
35892.12764224936,-77624.31075619026,-40454.95257155434,-22788.43045860256,22906.906816663613,-36746.3043758316,-70375.4353334962,13371.735541186934,-22839.84197671013,-78115.10740157962
-2184.981333288093,-11454.022385185017,-34407.55205155564,67638.03887941159,-38156.86390735786,-29083.91001597929,-5200.22435651927,13972.837050116439,-38706.25763167595,-41776.6983058921
5124.760961704183,-17674.925857478956,-38034.40324334339,-74915.65122348798,-15280.449944478923,-17263.280397596285,-87479.32376292913,59421.3351253205,-55591.70980227737,-23787.61869078084
-11690.982920640454,-2156.726384170427,-30320.793736205564,2855.758932334972,-6439.912850296846,-24147.275578830257,-62831.29512514572,59483.65863152381,-74347.5297348403,-74561.95344977482
10833.57835012766,-1810.1118691492863,-57819.203395641154,-42810.91355292439,-51102.59128559231,-40784.52489890366,-40531.15354101894,16723.23771740379,-18808.506322840512,-33873.63693685069
48402.34223864457,-51161.03082057644,-37187.49583223825,-37098.1217121594,5664.566523444106,-17201.435794364188,-20553.65439708926,65688.6498178483,-41222.96911903326,-79650.46441485106
24354.97907598164,-18749.60320220549,-35833.31734664974,13717.543769715632,-61240.28177625895,-27992.748180558432,-49187.13953284247,102122.1422721293,-55623.51046285267,-71852.42923204477
-16641.669195788563,39618.138989902494,-51544.05154223041,-7059.112326923827,6679.351343707963,-51201.52860904745,1404.790397137644,60724.327097153415,-68814.97538114435,-51336.55464831349
32355.33115176736,-38127.58819316629,8157.2501480212695,-52303.54229474078,2.5108969625374584,-62099.16360609812,-58001.8297553781,29736.085960756696,-3617.467717806029,-28551.315906900178
34107.31351290137,-11282.47414814476,-38744.79869798611,-24371.85198347402,-42297.05144914949,-55089.48176067753,8574.449568885899,-14380.762411600092,-47867.41042430001,-4852.747014875091
33380.376459147825,-32715.42499922888,-47933.512144394575,11879.474175305313,13251.492901507845,-42289.87791575551,-83600.34896987735,70154.24738420997,-2162.761785224659,-7632.214440401623
9821.485750518466,3007.9309667508082,-21796.13019883139,80083.30385401928,-26501.4750821148,855.7467794313865,-64831.677036473804,35349.34009294391,-30223.41771335502,-86222.21910572515
13320.304647179091,33149.06674633323,-41896.09472787074,54274.41906988213,22811.052354423013,-49143.81908729742,-48158.229008232716,-2121.3443317169745,-13155.064922147945,3351.688606330911
12498.366827713246,-14057.26793932256,-35242.60821632673,1475.8816350988636,-62022.39394490423,23004.74275511397,-10613.378881947448,45310.22204563752,-103991.10020732596,-42698.92392344436
45309.44608999757,-54942.72581303536,17080.858039978863,-18934.564764110233,-82075.63556381229,-39094.645411716556,16486.64678014915,32724.702937287446,-53510.15563890267,-31448.939374976166
20707.104421018656,3465.1783515530624,-85512.8675483648,7745.98120444007,36072.207573664564,-13252.971016053334,27953.97891105323,24825.89014858891,-107855.57188956093,-42083.95202442074
-5611.102691911084,17895.208045189822,-6044.323224707745,1008.0259853598607,24738.419864812524,-51693.65209162715,-88871.51596024162,9763.455960311896,-65260.355242324884,-55590.17061161807
61756.453514203175,39478.787516905744,-45824.23624585668,-9040.281601303885,-68602.75906492081,26855.22850837012,-53188.74789270717,25997.06733870099,-77772.40583151326,50566.30530531025
42348.42965435295,-1908.7411068872646,-64676.91469263885,86634.83235282211,-35082.54715199638,-52509.13428012723,-8023.430599943781,91111.50386600039,-87184.46504379676,1174.408244561654
16208.507755243041,2930.7889408385004,-61454.24837061114,11322.3857957435,3399.535006828293,-58801.7252378292,-27061.447359277092,21301.774884530078,-114144.72381223967,-62238.22390161586
57433.13623518194,6599.671116868402,-39402.45190730549,12419.770419572878,46049.53663799464,-52330.96714505842,-62380.47205417852,73238.53503747126,-50793.842610356674,-46915.375291668526
17527.405211744306,-30535.883275016815,-42485.49264544073,-35331.17318171019,8194.947121985837,-21537.167373868615,-7516.239798446561,14068.506705818389,-110847.90267621409,-2948.173072140187
51328.787994087914,-9463.379052749333,-97703.0032033114,-50362.76435157436,-33917.62967193353,26614.615149266356,-66880.27567818451,69022.23191363645,-18330.85888799594,-65319.760408290334
-4535.228340519302,53251.81168126664,-70088.63931747856,29191.09433171362,-38464.103645395095,-35772.11905567833,-84554.83244261087,41640.471551508876,-4652.1694724197105,-61792.35106538992
34077.72562401329,12297.268438055593,-98466.9317547841,7537.222451619275,-61126.599652845085,2506.157917820848,-18325.61416802001,12897.044778626487,-45144.39952746321,-23565.967579376975
24574.76727908419,-58880.53553297477,-35402.291465782924,-64194.57847292405,-55619.829447401156,-20806.228612165003,-59307.95322236282,-4481.988494863077,-36619.133510026455,-6269.172699045898
11484.064923240263,59551.07384797427,-75596.68848810313,38493.189808337105,-25086.547179866764,-16431.612875060964,-36261.9433042635,1738.51053146302,2383.848669570689,-59463.934220829935
-20519.880369758193,-429.1119234747396,-69208.03476830492,103049.1925574382,-23340.039374170472,-25733.953239068862,44470.4735937798,14044.18327981081,-44576.742312841394,-90258.57250103669
42397.71814645358,-19386.57639993936,-8720.593932952012,-49629.65968184143,-46930.06474121278,2841.4964244574676,-43922.25626010338,28597.900825753113,-61625.60862570627,-35647.61109238122
54408.08351008865,17475.814727648194,-71034.47286540468,-34478.765203660834,-44921.378757920655,15214.123225494037,-12287.072073611957,36560.91472503083,-2167.6920329041604,3717.761795963887
37288.526196839535,61538.28552316595,-78616.97802365107,9078.927105878742,13784.777542308757,38698.93540420004,-22672.24327565546,73050.62117793833,-20555.503847484168,-84353.98050533311
28940.880616490966,28570.650880504923,-18917.162315306618,26869.979020253377,-29628.445679980505,-52081.4527255678,-11573.394817776274,-17030.669458435656,-95307.11426295027,-20495.81970764018
-36164.45142818453,12912.27495443962,-30694.243307990113,36357.81286558022,9515.103942288242,17770.91820761863,-53266.80746583522,43088.89603071575,10719.273548251567,-113255.2384350144
4271.656827361881,-5442.560464607528,-28964.398495608162,45054.23683552313,11353.487290068206,-17790.046221997523,-61623.526993624786,41598.6334234118,-55323.87630358074,-22856.079690066337
26600.76003914765,-46923.09439183127,-20765.79083412123,-36294.8328739022,-10455.353956271434,4640.752268920148,3178.4109897094254,8393.45644437108,-42406.95502698371,-76543.80605194287
45498.342908637664,-5615.187808501717,20527.516658847126,49012.054956299464,-25782.8161918568,2651.6564024896106,-53355.21929053789,94502.73470892644,-129640.17709900712,-103230.61817359914
11784.881393765518,-11403.913238272644,-61453.066205169096,45774.203873954735,54109.20637887381,39833.10739013873,27475.9212581115,54177.8278223541,-97239.73894752735,-94694.35351922881
-9136.700590459703,43023.477627473374,-6015.302144406543,24608.542346714552,15415.815850317065,-23030.84991175931,-31596.684690652295,44625.15372030047,-109249.6894100613,-32718.637995236375
