30291.862364867717,8446.942799824295,15331.784088612792,-24053.82450067749,-37734.480042994095,-12009.0002088162,-56760.35508170908,78695.0139014753,-74168.28252926694,-15017.742133050826
2237.5974560957957,-22113.770583927824,-22750.322314885212,19501.319071790524,-57875.207323863135,19352.539252386752,-30622.713290183023,60172.24398764896,-65788.76165512856,-29611.181475482
73476.90666916619,21869.85477207551,8801.714970490737,58474.562270763796,-9118.272638042374,-68737.52346375998,-33168.67002823108,83970.22167958277,-36429.575472341385,-29787.365806484406
36779.10848441839,15838.48005783043,-7620.82277025139,-5077.766634573056,-57440.66345814968,15742.736267526454,-21120.93138414082,92454.74646662787,-58693.66633708595,-69326.75765133623
60645.8130487454,-60582.368679340536,-13594.236408913599,12676.63937168619,-42016.67121167643,-258.0876955376798,-82504.25513438943,24185.156745788583,-77124.43424900608,-75266.4149516704
-3718.198469557839,37959.055537559514,-11649.666615426217,-58090.27856616999,7389.407007884022,-21756.529313359042,2885.85419303249,-15677.70274876463,-79422.94632300742,-76622.35257006208
-35905.2878428563,-14508.611320546113,-37404.36088807668,4191.332442790057,-63150.147981916336,-7811.537062844145,-22665.485785140845,-9095.678026985483,-111102.83868791362,15049.929999495202
26714.468579035158,-42253.03582340109,-68895.26005044162,33551.07648904166,-16851.193140465144,-15641.771066801692,-59310.700673776075,48483.34085512915,-40021.7529066472,42863.858649135655
23298.70381671044,37074.94839108538,-52087.26544099284,-47063.48753383431,-52728.41485984663,-31706.289216908357,-2392.2183101362843,15067.555528689029,-98418.17524893196,-25407.165110203914
43382.32210663822,32772.20726943016,-45056.596449995384,-34328.57310798597,-65443.156136927486,4550.912757389353,32732.894714640322,-18514.031670753262,-49068.75031791616,7622.806985157454
-16696.986296765674,-41225.200455832,-57967.30484535758,864.4810150673347,-69379.20032914146,8015.618193538374,-47084.49140839106,-33350.425818959135,-69484.75449439576,-94725.11983413917
3932.406835163518,3135.0160375605883,-72980.22287425495,32447.929813385716,-60157.89026993883,-61055.39408904092,3396.1003176604872,74406.31083508272,-75921.93242753479,-49666.348790270786
34072.593088799316,55918.25685843853,-44674.08944521278,12047.871039620342,-18339.73098322898,-23598.84088775063,-25968.208315303284,55343.18905311489,32210.666647849608,-31229.496627755972
18649.287335175155,21777.28855840386,-75532.50544196588,9383.339967971388,3096.606794131978,-4765.699178175335,-8131.662115017203,-7499.132608685852,-70274.09747606242,-10716.50086561547
23756.380693902363,-62809.63799326259,4456.2955213221385,1946.012237642747,-103863.80021054053,-2038.769941740633,10794.03264859872,54554.39727525547,-77818.05552596101,-5953.045426317715
7275.273184233033,-14675.073561074047,-42817.22892996897,23371.55314999499,-6796.6717020820215,-5415.327049343236,10217.605792495702,26731.871845905265,31347.650115772027,-40271.875445207865
11082.72998316416,-48392.17779704411,-12982.775577027605,11868.39450473463,-5290.563982684336,57387.22915879548,-44997.83958290681,43775.043579429715,-32458.312868582278,-25699.20352426304
24026.064647733918,-23944.383399416256,-64362.65911095464,-29064.3385928759,30096.464581764278,5125.547474321081,6263.780755904608,55924.89032992151,-66847.13837897405,-89065.51479995398
17284.915779186602,20349.470600310116,-11045.347081058953,2901.3983653916057,-37130.31777289138,-18027.836213809933,-76667.53681097968,42663.843839737434,-65616.32377765099,-8072.310895883167
-12931.576579464345,9035.465792628012,-15764.178884170615,53675.748120493365,45332.09682130529,-43046.69769151493,-28641.19482308483,7331.083363838536,-80485.27067783667,-35371.049616635704
-651.2886038619899,10813.441524320384,-50491.62732787735,40908.17846533065,-43428.846806873524,-53452.892099905745,-41164.03597394121,24154.300469166203,-54312.93359686916,-13510.866758001612
55155.16943464511,44637.07615723158,-39533.83202394297,10730.485245355549,-3396.549679611224,-47468.962346413005,5814.632556061223,30081.653390675543,-19370.01705660129,-29839.27680790337
16456.5064876772,-50612.640007328686,-72980.0140572516,13287.28920913686,-28842.808239106176,-82447.015501426,-43344.70193588245,46521.51628226546,-64831.305353254356,-29265.483953380965
41418.71422249198,8195.212803063017,-41584.04254228983,33962.75033214312,406.8644278583224,-40306.18940232035,-30016.563349669348,24414.990938895404,16718.62690986597,-26655.259424401207
-18208.787585654645,-56219.3081683349,-50625.82200109906,41772.268283970574,25031.917238829526,-44649.856978225354,-49432.87239725469,44919.98525512015,-67582.77509387994,-35931.949765162935
51129.445566915565,-39006.85559795309,-29849.314405857203,3283.7023467519466,16773.881711881557,-5735.963990230372,-848.1769763157645,17383.0693315934,-43092.31865766071,-41530.0368879828
48478.68084085386,-32438.866333010028,-72254.04727216222,-7104.437780973089,-48651.17007307035,-20691.75254590746,-27234.065439294092,28517.819693294958,-52545.61598072981,-36675.13210953995
27563.315572722073,13237.190886616565,-51894.5691420869,32772.137757248216,-25764.577241921124,-20719.91781119572,-14033.38584593499,19911.32365273122,-23827.038427539108,-48379.92250298708
69380.37972233703,60566.84361651449,-70025.2765374752,10103.790278169094,-61024.38583002781,-40129.0802720511,-94466.44867578337,117538.59836916378,-68535.0779819143,-29137.515894710443
49288.94346030227,8424.085092614281,-63486.22060307716,-52512.24699814049,-745.8587964566832,-27335.01861565298,-70899.47971757868,-23485.407179889182,-35105.867666018516,-75468.79268464727
42445.71585400686,79125.06939303811,-25289.759172383456,18046.37200128396,-58132.551502010116,26395.666061144235,-31407.585691704124,33527.01859246059,-66104.58918463282,-70280.48015268779
63672.342801251914,-18688.28428592593,-32578.794301542846,-19917.99952423205,-23361.831158044646,-21392.031261591954,-48547.36912084675,21435.077451395642,-54993.41531633692,19358.804932996823
10426.716173493889,-11472.801420616719,-55431.32021501905,15792.176566652523,-49695.08100274843,47426.52585831785,-8367.854351882901,20405.65259133518,-54807.59449817898,15742.580631147433
-7506.012006600515,43581.19269395497,35480.512627607866,-38931.053086106665,10410.5302052399,-42626.957673452984,-56128.40392694854,120352.85948570135,-76359.7552151229,-6732.766728204906
34142.28374836821,18471.23145878967,-75708.69554840587,-88322.15945112047,-40541.475763934104,-2907.694336841736,-73525.01257311727,1790.4403681682797,-73734.83928507708,-27967.51907402036
86760.3816059195,38815.55516022569,-53610.725547956186,16832.302186869038,-18805.054525252475,-33682.58523335354,-18550.412808365523,40641.76206698289,-41287.37410497699,-65364.12293843394
52661.003603009696,-30486.457205376413,-63827.396299786,-32631.26685133428,42629.09067247111,-12898.06878469294,-58916.66136060833,31121.5161720658,-58524.01842386752,-9896.374814181705
7056.094336574646,-15276.901906340592,24060.93266142661,-36757.55688908238,-14289.365863395456,13557.445008420438,-37470.9801906837,55686.12554982168,-146070.61696221147,-88645.73177613918
47642.52768458311,-1314.7917912155517,-16238.238647787655,-27245.816657196814,-847.8218066095596,-59340.049186768854,-6341.751653765744,61079.09631468159,-19469.86349147083,-79058.10118569185
21423.47501851267,39081.6569269546,-94697.97430875758,2518.247986057175,-37174.8217513418,8893.802100025327,-40188.832020702765,71445.48068223124,-82346.91575042198,27748.675496081625
-39353.747219511,22756.752104011328,-37415.836709854666,33444.80328592648,-24302.269519655638,-21004.797086981438,-10495.639136945487,49236.12502285693,-84898.593423578,-24920.99074723631
10891.780786280477,39110.59812636778,-88741.98819462275,4637.624534678456,-28974.973851160205,-30646.85184469613,6281.445518868997,35348.589892069904,-42534.006378307284,-48701.22256890483
-2864.8055640766324,12005.387468935758,-17648.164311094875,9899.901956114172,-61401.92814345632,-40926.75748702642,2991.292950885669,47796.21575820609,3780.420229378098,-58964.68396524333
9528.441699519903,-42635.51244032626,-54226.0271035259,-30247.732795875047,-4816.812587052552,16422.98430713707,-29059.17184124855,28487.36596517834,-47526.685259418715,-34422.222077607104
14747.902880256079,-26654.105015901543,-52207.57709755837,3785.475548221242,-11183.277671297928,-3758.3208406453286,-38580.662713074926,61947.692580373776,-13343.68137890366,3981.817966278122
3883.747934224866,62328.99953161545,-54045.28169039133,-55051.904679711864,15725.913508950729,-67067.67209210091,2645.677083726974,15855.796638648782,-105277.03615802263,9739.445757989644
20626.42583317992,160.99933992770275,-14132.610396019332,21560.44608896167,3343.457611839287,-54186.31059466648,-50962.26564958019,-15064.318315642391,-58467.79214767163,-53840.29155727795
26726.295044344635,-39545.22584847233,-81317.04064153109,9951.988645916601,-54701.63894106101,-36570.871321823215,-12802.45456038123,26075.714869442127,-96522.34203700682,15826.110258108503
24079.197863828773,-44974.25003369202,-49390.91019127948,-28144.91669478255,-30702.146703191793,-65843.88742322744,-15667.726055110346,78685.73341624512,-26703.932480864532,-71850.59882853727
-15348.318714236326,-18528.277895410178,-34065.582648227995,28643.207955714628,17655.909596187055,-2370.6699353211616,-23442.66580269308,35170.96649503075,-108455.75113923346,-100187.69579284088
33115.21129138629,26233.01815512843,-51614.61459731043,3809.283682762118,-38787.64901627522,-37060.615150427046,-50672.202453998376,30703.81838581093,1304.5878167762094,-59533.60739561076
88511.16878595074,30498.4289808719,17114.262362264013,23360.795100416275,-13393.363401991628,-59026.17698534384,-29470.880876874195,41720.39196652748,-32959.54868386196,-63712.64077845705
35840.888394829206,-2897.6718045282314,-101959.81728966672,34147.606278469844,-3726.4370545568763,-73747.58892046964,8608.1480908208,-3447.361721962521,-81278.42658441332,-43495.67838931127
28953.005991420527,-35055.582112715034,-56347.47340373061,35650.709264951045,-38997.416816642304,-26605.014584194454,-51297.22182434052,3071.5292859475694,-43438.398335312944,-23952.799091804136
-17061.488336294085,21473.58138005327,18952.987290148678,28528.572550076446,-47680.090921253985,-4569.109105481784,-7087.292229075141,74096.19030722402,-155398.26127569325,-57241.399578261924
445.09556604530735,-16076.127199133589,15284.729007110944,-64.99864835791959,15804.896807318502,17984.287411081215,-63126.63000809702,59336.11144804548,-68705.73190456729,21487.61458191298
39998.53119594706,-5235.088992595691,-31971.922787248484,46529.62967175929,-55677.39257584046,26506.524291573784,-20325.041757321567,23476.955907824522,-49823.02609786768,-36722.970613536825
-43634.56687976718,-44095.33128187063,-27801.579541534607,-43470.060026148014,-70746.86959980759,-71813.41644085155,-5729.024586199335,27690.835978080475,-65242.10174551504,-10714.41449496389
39572.937242015185,-23294.04425802797,-35514.94014295092,2326.6004321174746,-35746.791265821834,11703.232007469735,-73545.47950313028,25538.649120690254,-20494.54114497457,-49354.10390926717
111656.99501829731,6956.204162863731,-73275.75943315371,-43747.50978416185,-16014.711575810436,-70571.6302130205,1153.8792790991665,46687.91527816711,-16545.570025789162,-27848.798551987216
46691.38245080234,-5906.25527798491,-6400.389418740398,15945.523261618828,-18111.08389641955,-52765.187071825814,-22303.963266316903,62101.78842814565,-98322.36081260955,-10987.68371504535
73025.91763460028,-39990.08651880855,-73634.92895030085,-29252.924611483708,-70862.51077804071,17367.842757606362,-7424.459228540978,32686.623915019678,-121410.98408265076,-53365.06822477276
7723.871673418007,3672.8807994549156,-3616.9706711846375,-23611.39181518433,-46423.501800553066,-30226.39599180006,40953.76179498675,18969.588117120857,-36907.10483575679,-22593.49459996387
61338.5841185612,31224.93027146346,32312.532238259413,-19543.287233717092,-84392.72009868418,-52234.7638322624,67503.60667309133,5483.2624817170035,-76241.73180955174,-119244.6743143223
-26861.227613574978,-21055.108696509862,-60482.095124838015,-17341.389555072834,-3036.5352166083103,-22710.4039664341,-44797.351550055406,6328.769798430561,-85713.17594725636,25547.57258560632
37343.949129413944,58083.867505496666,-21734.985292542624,9579.94559098206,10485.527582288181,-52373.99486145229,650.595232537717,40151.891780001984,-66780.5532333229,-47813.49650327569
-6251.487994249465,9467.055739504418,-47221.384331679816,-3126.4598856431166,3265.5598570194343,-44103.77505428254,-29014.748271713583,33163.374666608644,-66411.37465962219,-60890.088829494794
11251.799021711904,13451.571362648161,15377.444401441564,-31937.00244335959,-9777.565140474793,-6160.235129867497,-20154.392609717506,69994.54515856168,-43859.32997737943,-113560.60646949931
-14272.678834033792,30399.85694203578,-37811.10636679542,7011.2334150583665,-75166.5700526077,-49642.36053790049,13044.163693288381,32820.00608410306,-45984.83744567368,15496.015043579157
66248.28952335675,99227.60196552133,-39048.18525308756,3704.762730199538,-22496.09119965638,-48608.410766268724,-27160.154308083016,65363.12597882501,-24822.031262350392,-49366.71469262555
106398.13972871317,10509.067138483375,-45715.67883598004,-49842.35177141412,-23576.42462099144,-76713.0660940971,-38209.808295355244,-35972.41701591984,-21945.78083878291,18848.84759055001
45548.51541194631,14385.405424520719,-46486.52667828907,31358.47431874848,-4421.90630714152,3776.1607811279227,-45792.31475380371,12637.736811940937,-67681.07929138423,-56294.27126719938
-6421.160639245122,25373.042587357395,-13818.422760246009,3595.950870288889,-36330.191780385925,-19991.25182051254,-7555.470719203207,32251.938861477145,-18401.122808222324,-30028.11606352935
8233.47685536423,-28921.298495326646,-4692.734028569497,31575.19901241793,-21102.834629676647,-15571.969347023238,-41193.80912909041,29548.767030491515,-105812.8282281389,-54479.68419792925
25121.126910978426,58591.00750335874,-40044.80256379449,1885.996119083553,-9194.684147606991,18501.9770177656,-7955.293374312973,-22814.493425029785,-79340.89429918704,-29789.52992160561
34267.51657608653,-36756.8030433086,-72854.76243981891,38964.782484761236,-19718.05658559844,4498.643508063016,-37515.76296346311,40812.61619955672,-84083.43844377823,17945.383238644707
21488.049723719854,-21711.18450873386,-10025.22410402203,2367.309528567814,-23911.11695908435,-19431.24767768538,-23861.58109297855,50154.928770783146,-70215.92872661057,-14936.848913577569
9130.689816439277,2894.0102016063993,-8789.98221621016,-6040.852607894835,8176.726145792688,-2756.866379392602,-13262.886810377788,12509.113753309304,-25724.37882549935,-23145.238761699402
57017.641393435326,-27002.17799113468,-42800.21595099119,-1226.9608678792902,-19167.718333644487,-76361.78173708175,-133361.04128581285,34474.73713926853,-15535.742749249463,-33522.572589385374
-2371.4562034342493,33886.05754481948,-68365.95939144099,29047.547987115475,-8432.839743995704,37552.01532044968,-39173.99683851142,5225.206247096911,-23706.11321443557,11606.228714172397
-19033.558687805802,7946.429323818795,17669.352914350526,10056.4547259703,-60888.347483092846,-50226.6494102925,-77002.9127204396,-27056.885110942505,-41340.81513071379,-46954.81735622441
53676.96252935988,19065.70441388459,-61794.12274195365,72614.3529789119,-50127.62282899713,25194.765981951903,11757.354756999037,52962.99259731948,-2800.7376789872214,-59113.73430861764
40362.23232108048,-19221.83028587755,-80727.65249521317,-29153.804838699627,-47189.549349191424,-51664.54529199753,-25524.48370029424,50554.28282263728,-13752.828088836484,-73243.37894515171
-45277.675161768915,-10485.357502324534,-84952.08995662042,54602.100071685185,-68449.78800764326,2653.332649650449,-2368.779603023322,70414.1944267585,37919.81315141068,-38116.560559895275
18661.409928404464,43566.742258164704,-74384.28865807733,7728.67326332033,-29771.502909161096,17548.03582771129,-58468.30870176408,56535.27762839811,-5305.938659739613,-33976.07025661965
5437.941949458036,-20284.874150650146,23443.369033432973,-32003.050595952245,-27533.59713803511,-22365.386814788963,-94997.1968922278,78014.16515396336,-62848.08914475863,1646.8644953361145
6652.653699435027,-5259.805502744059,-37056.662735706275,1689.0727531953235,-44375.73009735691,-10398.03850460309,-7835.048636524642,-15501.633205722603,-92230.69044233614,-65804.77654308426
-2604.6019564453945,-4742.564774959012,-56970.08263459214,-28181.83729145123,-3629.358063713832,-57786.897143159054,13655.545810708609,14871.953996385422,-35247.46200441909,-16448.755845833603
53249.65356277011,17268.623642321654,-33351.33416500337,31795.60115714612,-32728.788500929135,-28286.679044756904,-60314.5955906135,-39160.9705405956,-86033.30938067146,-1892.2513858724537
52132.70585679655,27276.21161202278,-19587.416673156866,3998.056242059756,-61928.182845023286,-56254.37678624685,-33107.62779063743,38666.81543138791,-43099.78057486363,-58411.33994636333
-21197.612553679206,-55310.02112319812,-43659.47897948298,10589.031205340976,-22799.77647310575,-4891.114597688334,-8460.394498534579,-23238.375962535527,-53300.46191967743,-17193.258049194566
24879.08107667973,17965.484629710612,-59842.23903519544,5560.80475085109,-45247.025561675735,-54258.75756002796,-69331.4529022928,27823.914719572775,-95513.05435933042,13154.01222633254
-27975.086125856113,-50624.94059408287,-45805.85746793215,2509.277890403624,-7061.604729481904,-73664.57485632041,-14258.990735732175,9769.277136789615,-35862.01689299285,-79305.44186979081
99751.34056031152,31218.316758373814,-59172.68240317829,-28212.655804488117,-17051.257850435606,-86890.28682482732,-56515.64040530449,30240.113129384787,-39225.55912647648,-48411.92708010263
-8116.980249630465,6811.700402891186,-14379.820097415091,29082.5202057248,-12203.71230043019,-57808.013708968814,-47656.42007895475,22316.911360556587,-3448.6419360687632,-30494.673315463828
-37958.20166236729,2598.3658815728213,55905.99923077631,25124.95238530557,5098.630823673087,-46241.05352027701,-43301.627913353455,52210.33620126132,-78554.67411752488,-26604.89790399014
-7318.169507384275,-49653.70503436879,-25765.25235238357,2099.1582663057743,-54051.33327349442,-43764.65479327737,-5395.9548760059115,58582.28724831747,-10876.851878456659,13784.643659030226
38510.04752966431,33807.63979922593,-13353.152734449008,16977.65514545945,-52472.68625980294,-58110.00471233897,15986.777121512598,-30404.83404770273,-723.5554875448729,-8325.661241373906
41958.053094005656,39271.75099896647,-25048.210859484818,-44500.97512776015,-83877.95326814029,-3172.8504468502306,-14333.708150877535,69789.15867165691,-24808.369640479264,-33416.44271853643
56269.26923052715,-39411.99501950738,25748.42146629208,47545.3753997136,7923.212946296405,-25751.412769847568,-30981.51694676633,-7831.380846967268,-17257.73210243682,-29009.977365329363
57316.768126247465,10960.80475864182,-49393.6662462016,4415.041405247908,-2318.631995646858,-41470.179390302175,32144.926544085378,150498.8789076424,-106845.74998846764,-80190.78895844141
34162.273122256716,3963.453207750087,-29237.756480962402,96647.97619287163,-67403.31809675954,9115.354007867136,-36610.865155390755,62978.32200920288,-3069.916715864052,9239.715094471016
86111.47370786262,43508.5659090638,-45322.28626147788,22366.708689109502,-1510.0617666489925,30959.675237778465,-35741.376209615024,87157.34286325042,21013.083569601607,-91822.78397400548
1421.0805283992868,5177.1514838066105,-79459.87816979455,10378.545340703437,13432.829952764634,4618.641870820335,-49907.27578061698,32209.635442177158,-49070.587078339886,-27571.221368176884
76429.1157180475,-25949.541141074875,-22848.47920936068,-42143.6369361285,-39231.9160319784,-11741.8314211933,-6836.1542017908,46142.94783423134,17461.38813419342,-5411.237925294059
3109.097968037518,-6935.720217367891,-62123.519485028926,5231.430992737753,-40037.39670338882,-83337.58786938203,-44096.603996392136,26768.18567320432,-8184.637125384386,-16667.194798212644
68318.08564500777,-12902.42561620257,-38949.455826031975,-13193.747850617074,-61008.967970335616,-51941.813340687695,-44320.93922645485,91251.40022460933,4637.974270105495,12162.904024921805
-1538.388402020315,-4915.376264972428,-94494.84366056688,79198.576143421,44790.53658921587,-2142.907138556846,-20826.87726647778,51690.72598848075,-35992.11029264339,-37654.65004435328
76062.97624691366,-2966.1712266418317,-62984.98870869722,-2954.46128008048,-36550.99784496721,-9064.967890065676,-48948.293051915796,-9861.021051486583,-5106.5649823197,-60998.09209949222
-12312.48132772768,32140.025157963853,-135269.14001609886,-11429.72113832381,43375.85250043124,5441.93814404243,-59275.20510302963,-24445.95020434991,-100446.17029528895,-15986.494516881281
5507.547209377933,22487.796617362565,21935.052005973237,693.3669832106893,-30017.020629708066,-11211.768196484765,-33544.40352734349,28642.701791930573,-61235.55579690033,-75613.57067180543
-12478.541828439531,-15811.878619474848,-33310.86193728398,-10137.286027099028,-22869.652814654226,-17655.75288533034,9889.699576970877,72826.08676749934,-30279.147447879142,-49133.74765901225
-9291.147555866324,36088.2877539327,-42317.624789360416,29257.895223762393,-17356.885430183334,-26669.624332043804,-83502.6189243253,68916.00478109859,-47016.33803356664,-29390.35861512882
-11585.942954012891,29423.26827848101,-7810.529493744543,22293.785076585467,-7513.177817405405,-87793.88403782414,-88706.71039414802,62066.51991636479,-47444.38521858661,-8970.859695372812
67022.4463974731,-13632.825740596034,-35497.559371208066,-11582.687279973808,4230.872682077171,41371.943753313586,-36758.235750742904,61644.57732266445,-91107.56706047355,-38693.16048719142
-20517.188857281486,-47741.24710465096,-12816.522064777408,9506.470556026776,-14491.153298009753,-65135.308466140894,-95910.24125389731,45959.17960811821,-52503.20764426925,-56374.464380444464
59863.00186940536,55028.34428496301,19903.58323003226,-41107.384650748376,30533.83910739474,-43580.7479425473,-78718.91841600528,5482.037544380682,-2529.632389466537,-34696.05330688037
-50431.05615100524,-77059.7654554741,601.0061149739149,34561.46692057402,-24221.09460965493,-102700.71920994381,10855.264086320667,-41067.10049833625,-77971.52670469225,-49837.25752953532
-6138.503472184824,22289.826297693842,25510.214776799272,-1097.643351598499,-82754.73520680642,23793.605902331314,-60760.05684162321,-11256.863683125983,-80969.78172075626,-115081.85346743406
42607.172672783745,37992.34459405461,-75731.14508187407,27405.583969872674,22772.08046562911,-21341.63624926494,-41874.40235788024,106978.22538704585,-68933.34771434986,2732.9059762888237
49787.305858656655,-22120.275142546714,-32461.005314629714,27243.101956279876,-72543.98600351255,-56133.384868728375,-127040.28685113032,60785.32024306518,-32908.762572086554,-29181.537148747222
13812.547761525604,56260.38758187198,6587.310021212228,-9028.215121950492,-89728.4959492817,46733.94581294606,-51047.598379643656,-37391.17071101265,-77959.26795743062,-53835.76758604297
11397.109702839178,-38598.02456091014,-83569.25268005057,54251.33118609346,7208.486404426545,47610.62611677576,-74784.41908749785,-27143.248442464934,-97801.50210528001,-35570.20939056036
68863.65819766285,-46413.866449828696,-68657.65583090995,70274.42333954028,-43855.403898292556,16553.554593749155,-75467.88969720839,4072.255636854001,11395.185110629165,-56083.02794144655
-17610.539995621286,19735.73091318864,-96319.51535612498,3158.41198829138,-71444.37011611968,-24999.88406679547,-46578.05038141545,18142.795852301388,-69731.87955395653,-10084.232199002725
32343.006230992603,-1573.9255716883843,-28803.752485782607,17879.72949382349,-38031.71166319587,-18082.69319533891,-2221.115773012793,46337.98875131931,-93375.47671958349,13073.628709762355
1041.9352615394318,-38974.80819454657,24721.870586850364,-27162.571627803605,-31840.38871970279,-76048.91097123869,-34595.89025549638,14399.726408374741,-95712.45382050936,-21384.767847872805
86599.59226230452,-90571.3641537263,-113257.31940860824,-32634.461849486772,-17654.109362663672,12866.702641484804,-64996.95565831162,-4065.9500182655374,-27130.187592968538,-34129.58793263691
-8996.82847101651,29923.163808457422,-18120.81560016803,-15377.400304306553,-80313.57814641681,-9560.045328489918,-18623.880746307022,-49686.36518257635,-28379.39752346974,-11911.85475606624
29703.23847283341,-749.6921099189458,-95042.6553541709,28696.739117143323,-43179.88319281321,-26853.572176024543,-68610.3142297246,34600.34045224038,-54947.40062027497,-11905.304027448105
85370.51078134862,-39619.74512502127,26159.2396803454,-6503.1914348391365,-80557.69113488542,-3175.358836639163,-5379.8743737469595,70288.96558246302,-54948.59859889438,-51065.30647182344
5344.782934679225,-30452.09767707929,-48289.91935644852,-101200.54421812831,-18397.53241899964,-26255.031974991616,-30541.847807881037,36872.95628074811,-107718.59917246792,-29645.293697179986
38142.61084489045,22765.9460763144,-76694.65086006971,-7822.624273017482,-44598.01499357178,1892.8920864844513,-37346.787525582666,17809.541207257203,-32472.340975959698,-91721.35963166125
26836.528446458244,4625.876798863274,-6754.399023465803,-48915.87851358939,4642.304449819404,-60330.743655387414,-86637.76094213023,38280.33471085822,-60236.224217526586,-92501.36100491583
-9981.051326507182,13744.343879736867,-16171.101404417152,33928.58145372517,765.1496118648531,-41740.41370025851,-70286.19365239711,2707.639031281309,-75318.54487002916,-25589.90598324294
28518.488881799767,28644.308575989242,-26316.351063169954,-35096.72146160716,-28111.347215719947,-34287.91847412524,-1851.4595864370403,-16850.72663785863,14006.840818110326,-21664.893550789653
-29537.58172906862,11850.967917008737,-19613.135648425163,30425.95756211232,-51240.26487168113,-30874.433833909745,-70069.27610632339,33778.36290873209,-75196.56953051976,-47036.661655354896
54387.00279784994,-32495.13291918736,-53763.10830523512,23101.756866551907,-49863.17876525026,-25273.214500094455,63332.322188997954,37713.88196670717,-51953.33250046825,-25295.270507175097
28928.08361858521,28369.0865994583,-32328.610252607366,54580.30812124142,24143.497926593365,-45888.18079522449,-5332.901306829404,13473.301721400441,-8516.071524393155,-76849.47853282963
-11734.26406230192,-52854.37717820321,27030.815152819217,8569.384910609928,21127.304236237207,8005.008214603316,-43603.363187387695,-22405.505210278865,-47776.18464373043,-64999.79667123334
58425.13000614905,-11693.334616113223,-27771.200754234957,4251.750157755356,-17524.608307050352,-6341.665917067536,-56311.50102914971,39375.751507594505,-9504.3818103637,32073.118663365283
-3010.1839369432782,1224.7066411910473,-43867.56707203357,17268.750869350202,-63375.48110500882,-25212.31823313397,-67526.98172323697,14268.677033790154,-34107.99317692164,-26839.325070850784
-6590.794942838519,1561.208923438463,371.2501567554682,-3369.0057331455314,8252.558266359965,-20597.64628622672,-81064.41381219114,55122.374464905035,-56357.034044789456,6472.363438251899
3921.3247632989546,9250.009654528047,13275.617761435122,25463.351110654774,-30132.29949972064,6304.502153069518,-18957.89437153889,33017.68533329545,-19269.09126446614,-48794.433090505845
64033.41809160054,58032.44227903263,-74365.32389808632,-38640.420467268465,-19384.81771165054,35576.39170572026,-67388.40678627,24063.62391277624,-51398.64604200781,-22574.69021025636
67569.94726345764,1795.439202024048,-47824.87731659635,14026.498258532554,-46169.94202675276,-27014.291586741823,22782.72762322671,41016.69390577667,-53169.60599499123,-11139.225864889562
43931.54765152458,-21439.701089597173,-16922.705185921728,3696.126582624878,-37845.2419878514,-25174.067573868015,-24961.425798909782,54487.18854101878,-51046.57596775241,-21268.477911254988
26004.626605296184,27182.915664259257,-3640.5093696535587,-25269.54108430278,-14746.806623611183,-82672.45907704509,-1179.5487143418559,62831.91479433482,-136629.5979558132,-44185.33975230983
59738.870954195474,8907.928052787513,-82119.7808381338,-51486.97892073012,-38080.10670760907,-32600.505909480093,25061.885067408322,7586.66942941378,-88203.44713884508,-24816.310020587778
55475.38716902866,44478.70111852844,-39515.193191249724,3623.751629786332,-40320.63875364247,-79962.30072879042,-6081.968724741026,38852.73805937128,-87781.66224548727,-46403.9338130353
33217.60019154155,-13087.7762087914,-55574.08388672373,5974.326562357363,-79234.32348697237,27778.172563689484,15981.795826544592,21216.548728302572,-40264.59839569077,-31524.21078426219
7105.2288426885425,67135.9993750878,26252.545226354887,-16972.902680095547,-27332.381631666627,20817.25793694384,13397.716422290821,794.4222927790302,-100042.17587107675,-37113.998651348855
21983.7481639059,-13613.727756285578,-40218.62204201327,-13127.81328218301,-17330.26238428299,-20285.91889186282,-50390.39220993707,62046.980450509654,-42278.608790202525,-59562.49088890721
-86.94992784031774,43152.56100844634,-21309.403591218957,-15165.30863098896,-69944.65744070824,-29873.53104669465,-131116.59128240193,53079.57242460654,-44879.590565606915,-29678.979566402246
62254.46476260476,46270.31262421935,-47166.33081278967,13942.614754157123,45698.903682712466,-7990.930877698263,-35408.104698830495,6923.724534572136,-54960.951620539076,-55024.30508760945
18331.689324955598,10489.860635398845,1692.7107789883457,24788.53110109653,-62588.39434717561,-4823.573410584584,-18214.591610524087,67179.45532744385,-51400.43279400341,-50972.18620249807
-3960.2143463541815,-1638.610848079632,-30395.29629969618,-23852.207150375656,-70211.30011522837,-57481.640238898035,-51255.02080012671,45634.17304636294,-35838.63505664208,-48899.19170740912
56800.139952975864,8934.540666061188,-70547.99364566478,-48258.81103186647,-35411.815324257026,-68003.34596151373,-46546.44840433331,44.825984102770235,-64644.347847797544,-4774.968785837468
-50279.72824906434,52216.17544997828,-309.20357315091724,-1417.5533886238845,-8146.211171653042,-15416.978898165806,23533.032968097115,-11379.224693981176,-107892.67604490813,-34757.87036318959
10324.006047592738,47519.24110963989,-36074.79491916725,46721.326416503965,14922.321464764775,4633.87542336478,18905.617271711173,32720.97086073159,-49132.73289283032,-58480.486541480896
-8018.4460765819385,46098.96713731175,-40880.3768130994,27364.927854925045,40326.60626654266,-68992.56437528064,-88093.5017278078,61436.50375265008,-42184.88980186479,-102480.88870660504
72995.33036682845,41543.484456599734,-666.797935720786,50808.539614023604,-1058.8131048794585,-15968.211756428474,-11339.171873108515,11492.00326189645,-96020.99270456156,-7691.333448941083
71109.08702172381,-28947.04467216757,-39279.01774454034,-54446.6165454659,-41137.90615257049,3694.750346910323,-29898.256122228537,-40338.8574917461,-49960.17992045702,-99041.63063082707
41290.50930699483,-60674.779327022305,9764.53177236481,-37897.16660920549,-20978.201632430093,-19951.713614037213,-84240.41049079342,18432.14808282592,-27905.197630244955,-86351.59339731905
20072.281209887668,35541.81263555614,22462.70055321094,-12130.046573271902,-759.9859063201293,-16392.890782383227,5541.7130810970675,60420.09228059734,-30013.604091468264,-92433.17858742767
-7019.569849816252,28500.674712730637,-15928.455330610088,12052.69717436991,-52316.86045694538,-51043.4303584988,-51723.01806430802,46084.50496454976,-84305.74078295968,-35279.17398938649
46166.29094695569,-6543.296171149393,-51237.25237703621,25812.83909390694,-69956.12144080253,12904.002641092698,-16157.416288816381,19778.35697197607,-94818.1118118096,-57127.632826526475
62709.76900900678,-20403.514929806646,-54988.89445081158,7554.864226548925,-44908.434709115434,-50281.99875705544,-41314.60530786381,10774.139079467845,-18162.270143060625,-72523.76553321269
10130.683087965144,33840.275401036626,-49919.02047623293,-69200.62645753603,-3563.919893603089,31168.057412642444,-81960.196594633,33249.406385589646,-108968.60577920049,-26097.047678514064
58344.78077746562,-7338.652079136016,-20710.100749038844,-10540.763024211094,-26731.68194660106,-38763.77059671399,36973.31372706849,77631.56680240663,-58871.76583451084,-90065.17877813525
89304.31210923655,24654.987714991956,6938.738071574373,-39382.2229104119,-48997.67712976027,-46221.08212939548,-14570.283810154899,36785.65766037416,-60730.90598813477,-12861.58749958208
5306.359353699298,35784.12627869158,-1600.1038782233463,-42770.62525153881,-9512.467403030625,-25490.87787566043,-23860.66036693221,46511.95334216824,-79749.80830809311,-68749.21922723549
72217.79062556097,45112.348131231396,-46971.354930017995,23674.846238467584,-35920.917663001295,-77598.48724918814,-26747.608205031433,720.6172318414465,-50902.57656476315,-36093.87258678384
76920.92905109678,16138.3765249655,-61501.665217730704,25665.26951042079,-7445.984026591012,1864.1356502137933,-20171.18842938247,-45027.41705646133,-76188.5592849947,-6072.6944979081545
6536.044458894359,-13840.661805500411,-17528.68253432282,-3631.2529948267284,-3054.6418584657495,-19766.492268533213,-31295.840594517456,7451.095443147163,37664.23576125123,-100227.02702491127
-19688.54233204868,-13241.780995604578,-10664.517280387716,-29872.607939726106,-44090.33108758551,-24072.425122595505,-19068.501383889306,41910.59901718388,-54546.43625852566,-33575.16535096487
47226.95917370298,52380.43237640055,-70088.90043609052,23493.47920412695,19313.689712228337,-33659.50044499963,24599.206754095732,51113.23039414221,-29249.56718354887,21251.246044567135
50108.39868351469,21423.48930315659,-39464.840096175525,-14381.50588323441,-26665.120837178998,8049.674592893823,-43030.68081842323,42563.318485660595,-72937.82437167487,-47656.47516950067
41300.91659740244,-2618.758141469023,-9925.994204726634,13010.620710927167,-2809.351097670207,49706.189196986394,-48245.747014507455,14829.7981886626,-84269.66554675909,-31237.50479865292
-30788.873056652625,-43078.3521534092,-10865.783724753877,3069.2748419563923,-19524.477526655166,-8192.120286766753,-12372.1108230142,109134.66500266301,-50249.97446408322,-22598.50762463922
28270.837496771557,40188.66451428951,-77033.91435057951,-8069.979690518952,9897.404830611846,-49550.57519203414,-44135.613876237716,4967.676750515222,-75084.33592263532,-15451.493519499874
-9678.55231961734,-3089.1261455555286,-40338.48498467397,4722.4956568735215,-11660.037118760054,-41050.2750317306,-1504.4115721237122,35499.46844695875,-46420.86639499895,43743.778898166114
7878.331668379613,-52545.45882164314,14719.445751088731,23956.514443079708,-55835.10414023904,-36700.81971918756,11827.840391955178,46428.6762181439,-76575.06052036332,-32108.49305155123
-4005.281360141241,3545.0115883132894,-40241.94866883081,-63120.45404931907,4152.05423582239,-55593.84908909269,7997.942738768512,19430.598982405587,-16359.369717717655,-59768.85769300538
25239.848664656194,52357.33123441936,-44507.81420296605,12086.714729538406,-36918.69462041735,2284.277506011081,-44862.88486085167,-32535.563076650764,-45121.39710667746,-32254.279227892293
54591.01148019975,48816.43501679419,-79474.1434632152,-69030.50473256565,-39628.06738982398,-43980.86345966915,-13707.640175012111,93525.20330551665,-99227.62073069932,-55317.34109237851
41236.052446410766,99901.6108326325,30230.830930012067,20223.172131603802,-7372.864792748986,-45731.56760485665,45217.26935745742,48201.42714979914,-52630.97662690004,-85188.22726655382
65320.84559026004,-5957.637654233595,-57459.89566319209,-28557.727646226915,-40531.244097599825,-11102.901489711483,-41485.56181828733,97866.99199252528,-22839.857130305358,-38868.29850666552
-18771.782386747083,21395.816465317654,-48541.73849847352,-15057.328146017036,-43965.97568284456,-6313.875420226111,-37174.49933947192,30743.838959930035,-84721.54557515938,-29879.711758271224
70607.78411366367,5515.778730757162,-76486.87538752341,-9419.175014794317,60270.646284482566,-15448.997734249871,-44164.934808524624,110541.19592775413,-64342.38169119597,-21761.82217328709
74532.52490093232,27765.247536766256,-11822.32549383034,-50900.84299028484,-111115.29822437551,-32484.861618540708,-39078.33813088314,47141.00674431626,-18569.51964267593,10753.159811341278
16766.90841120212,9415.20632102958,-29653.262839833777,-12662.008655705307,-70847.23718272636,11393.207850118808,-41574.82272768524,61432.82778186968,-49312.06805700565,7984.693983037647
72427.10161001749,-6317.982487082508,-23865.925867396996,-25524.449748834508,-72158.76706871197,15217.488923800374,-80584.32151599175,52107.77238680865,-26166.0297223858,22819.75017117969
-1961.3592292127232,-9083.824230497707,1818.2949192788883,-35992.47394564819,-53718.71412091601,-14754.378103911855,-45307.15474822639,42963.497079267494,-5351.224806898078,-23315.799489111658
32519.60848688907,-24489.445048595837,-12306.294216803364,-2827.843645108941,-55447.643698400614,25137.07549147956,-79812.45236821758,50397.026254378994,-27553.28653246665,-94510.623294408
7204.232364591848,21648.88216028778,-72072.36772961359,-46859.08624007925,11634.374907889243,-77919.39213014474,-39059.04713250064,-7091.453139282457,-100849.0413070947,19624.45253243007
2590.0850845132136,34652.914752937766,-483.2657782068036,16201.80202016759,-8247.195832460344,-32913.29447960229,-30955.763500457924,17387.807752613888,-50216.149449698336,-5221.670168463505
14873.878095203227,-58613.787141639536,-35618.228756045195,26523.062975169185,28120.754708881454,-37224.76787709103,-88099.21544715787,15399.460210857218,-116679.07754123426,-52090.962001105436
42379.95972002332,6701.799237802591,-45669.27423057941,13679.567619099624,-35641.38575649868,-68830.7115325602,-12462.472685252915,66448.50532568572,-39630.46218615907,-20480.192176622615
57596.99902002215,-20753.080516168196,-50079.82244372298,-11484.33101169239,30832.654315942185,-19268.793050164888,-38418.05823894189,32863.73874070752,-50133.61648383505,-37865.87665106788
24741.903480600446,5175.133052213489,-115120.85114240157,-19765.22744026998,-41462.673126569,-85652.81488517213,-82827.00252984108,72635.96246870449,-71920.71869169762,-33518.979000042484
48723.06900788464,9930.135064826454,-110821.7471985989,46860.51539252811,-90168.60951652669,14757.70885921587,11557.499431470895,44043.34196279652,-122323.60623866865,-97821.13449838446
-19592.214910960447,12587.313564817829,-82103.86424382927,-26310.908116674313,-48402.77842267635,-24641.194166381807,-63610.38354613274,11080.127443284831,-24052.12389713572,21938.34259374442
59936.03926952533,37105.752298009786,422.60548378510975,-34500.46198608492,-25681.655434981876,-8878.471972250274,-69003.99495738797,44113.34758347762,-62264.74387738651,-71145.8686215528
12361.349751365826,3163.9341276170135,-73459.0529819917,36669.25828630283,-51622.68389984206,-52747.73252493032,-45072.53686768638,48682.675141692875,-74015.55891895323,-48523.24993415426
41636.83698208749,-1106.3788957991019,-6390.3183511386815,44691.74345227526,-10680.211000697976,-12861.498399003283,-20686.024263530362,8282.327519610211,-36382.58631925577,-13726.355885819066
-24569.37068679794,11031.95356166527,-84011.256952581,53983.413193706794,-20134.24513397267,2087.195581736809,-11208.543572521015,26177.435313739992,-41306.681267153894,-1186.0895582839025
27366.91570235984,-29600.873512395676,-91774.42525271389,-12708.821439970712,-23893.170761291258,40001.5854926177,8843.443178497533,15850.35697439646,-58600.12518393166,-56151.663596307786
9499.444639012343,42779.05068622275,-30311.030347532254,29752.17937178155,-56540.06947462417,-16944.099386622496,-26614.652671987576,39783.201859787034,-19721.486796035744,-9211.147378985002
7423.861308934716,-13817.186356374026,-9612.685103715909,-339.54959611879167,70529.79107451533,-12385.103740118253,-20743.80682568683,61605.748160127856,-67244.73067997451,-40763.83804620146
85311.41957460485,-9800.259161082176,-65121.192157185345,-2963.519070773428,-47936.189873251904,-97852.42016907899,-56186.49484296057,-1198.8924841142039,-30503.10523068921,-32264.761242301338
44127.06505017771,7365.116850734419,-27176.671730466012,630.4301175789446,-22961.55225965995,-8392.959681075987,-56191.769690417874,61639.54601128145,-101821.93785918287,-65029.284702731115
35892.12764224937,-77624.3107561904,-40454.95257155441,-22788.430458602543,22906.906816663646,-36746.304375831634,-70375.43533349613,13371.735541186936,-22839.841976710122,-78115.10740157976
-2184.981333288134,-11454.022385184919,-34407.5520515556,67638.03887941141,-38156.863907357816,-29083.910015979312,-5200.224356519278,13972.837050116459,-38706.257631676046,-41776.6983058922
5124.760961704199,-17674.92585747896,-38034.403243343375,-74915.65122348795,-15280.449944478929,-17263.28039759632,-87479.3237629292,59421.33512532052,-55591.70980227733,-23787.61869078086
-11690.982920640472,-2156.726384170396,-30320.793736205567,2855.7589323349566,-6439.912850296863,-24147.27557883029,-62831.29512514563,59483.65863152382,-74347.52973484044,-74561.95344977485
10833.57835012764,-1810.1118691493193,-57819.203395641045,-42810.91355292448,-51102.59128559229,-40784.52489890364,-40531.153541018924,16723.237717403747,-18808.50632284052,-33873.636936850715
48402.34223864456,-51161.03082057648,-37187.49583223823,-37098.1217121594,5664.5665234440985,-17201.43579436414,-20553.65439708932,65688.6498178482,-41222.9691190333,-79650.46441485098
24354.979075981588,-18749.603202205508,-35833.317346649725,13717.543769715649,-61240.28177625901,-27992.748180558458,-49187.13953284244,102122.1422721293,-55623.510462852784,-71852.4292320448
-16641.66919578857,39618.13898990243,-51544.0515422305,-7059.112326923869,6679.351343707902,-51201.52860904748,1404.7903971376227,60724.32709715343,-68814.97538114434,-51336.55464831348
32355.331151767234,-38127.58819316645,8157.2501480212595,-52303.5422947407,2.5108969625798636,-62099.1636060981,-58001.829755378196,29736.085960756685,-3617.4677178061156,-28551.315906900236
34107.31351290139,-11282.474148144818,-38744.798697986065,-24371.851983474015,-42297.051449149534,-55089.48176067764,8574.449568885893,-14380.762411600073,-47867.41042430004,-4852.747014875098
33380.37645914801,-32715.42499922878,-47933.51214439452,11879.474175305179,13251.492901507849,-42289.87791575551,-83600.34896987739,70154.24738421007,-2162.7617852247404,-7632.214440401666
9821.485750518503,3007.9309667508323,-21796.130198831393,80083.30385401935,-26501.475082114768,855.7467794313561,-64831.677036473724,35349.340092943945,-30223.41771335499,-86222.21910572535
13320.304647179037,33149.066746333265,-41896.09472787078,54274.41906988211,22811.05235442301,-49143.819087297314,-48158.2290082327,-2121.344331717013,-13155.06492214793,3351.6886063309003
12498.36682771326,-14057.267939322606,-35242.60821632667,1475.8816350988627,-62022.39394490421,23004.74275511399,-10613.378881947523,45310.222045637536,-103991.100207326,-42698.923923444396
45309.44608999756,-54942.72581303519,17080.8580399789,-18934.564764110328,-82075.63556381219,-39094.64541171659,16486.64678014919,32724.702937287468,-53510.15563890268,-31448.93937497614
20707.104421018666,3465.178351553026,-85512.86754836484,7745.981204440049,36072.20757366452,-13252.971016053389,27953.978911053273,24825.89014858883,-107855.57188956098,-42083.95202442078
-5611.102691911193,17895.208045189764,-6044.323224707687,1008.0259853598063,24738.41986481252,-51693.6520916272,-88871.51596024161,9763.455960311887,-65260.35524232497,-55590.1706116181
61756.45351420312,39478.78751690574,-45824.23624585672,-9040.281601303881,-68602.75906492074,26855.22850837011,-53188.74789270705,25997.06733870101,-77772.40583151301,50566.305305310234
42348.429654353,-1908.741106887278,-64676.91469263895,86634.83235282202,-35082.54715199646,-52509.13428012726,-8023.430599943768,91111.50386600042,-87184.46504379701,1174.40824456167
16208.507755243063,2930.788940838518,-61454.24837061111,11322.385795743561,3399.5350068283096,-58801.72523782926,-27061.44735927714,21301.77488453009,-114144.72381223933,-62238.22390161589
57433.136235181984,6599.671116868335,-39402.45190730544,12419.770419572931,46049.536637994715,-52330.96714505848,-62380.47205417848,73238.53503747123,-50793.842610356696,-46915.37529166859
17527.40521174429,-30535.883275016924,-42485.492645440776,-35331.17318171002,8194.947121985895,-21537.167373868717,-7516.239798446581,14068.506705818341,-110847.90267621407,-2948.1730721401664
51328.78799408798,-9463.37905274934,-97703.0032033115,-50362.76435157431,-33917.62967193351,26614.61514926625,-66880.27567818438,69022.23191363648,-18330.858887995928,-65319.76040829031
-4535.22834051929,53251.81168126669,-70088.63931747849,29191.09433171372,-38464.103645395066,-35772.11905567831,-84554.83244261086,41640.47155150886,-4652.169472419727,-61792.35106538977
34077.7256240133,12297.268438055573,-98466.93175478424,7537.222451619375,-61126.5996528451,2506.1579178208685,-18325.61416802,12897.044778626441,-45144.39952746332,-23565.967579377015
24574.76727908416,-58880.535532974754,-35402.29146578284,-64194.57847292401,-55619.82944740122,-20806.228612165036,-59307.95322236286,-4481.9884948631425,-36619.13351002644,-6269.172699045902
11484.06492324026,59551.073847974396,-75596.68848810339,38493.18980833715,-25086.5471798668,-16431.612875060888,-36261.943304263565,1738.5105314630455,2383.8486695707616,-59463.93422082982
-20519.880369758164,-429.1119234747821,-69208.0347683049,103049.19255743819,-23340.03937417043,-25733.95323906884,44470.47359377971,14044.183279810806,-44576.742312841394,-90258.57250103686
42397.7181464536,-19386.576399939426,-8720.593932951979,-49629.659681841345,-46930.064741212795,2841.4964244574985,-43922.25626010337,28597.900825753146,-61625.608625706234,-35647.611092381216
54408.0835100885,17475.814727648223,-71034.47286540463,-34478.76520366079,-44921.37875792069,15214.123225494037,-12287.072073611916,36560.91472503078,-2167.6920329040568,3717.761795963912
37288.52619683952,61538.285523166,-78616.97802365104,9078.927105878778,13784.777542308748,38698.935404200136,-22672.243275655484,73050.62117793827,-20555.503847484164,-84353.98050533308
28940.880616490947,28570.650880504912,-18917.162315306676,26869.979020253384,-29628.4456799805,-52081.45272556775,-11573.394817776292,-17030.669458435652,-95307.11426295034,-20495.819707640123
-36164.451428184555,12912.274954439652,-30694.243307990124,36357.81286558027,9515.103942288322,17770.918207618593,-53266.80746583531,43088.89603071575,10719.273548251529,-113255.23843501457
4271.656827361814,-5442.5604646074935,-28964.398495608075,45054.236835523,11353.487290068104,-17790.0462219975,-61623.52699362478,41598.633423411826,-55323.87630358081,-22856.079690066446
26600.760039147688,-46923.09439183133,-20765.790834121282,-36294.83287390225,-10455.353956271407,4640.752268920134,3178.410989709423,8393.456444371079,-42406.95502698371,-76543.80605194293
45498.34290863782,-5615.1878085017015,20527.51665884712,49012.0549562995,-25782.81619185679,2651.6564024896043,-53355.21929053791,94502.73470892626,-129640.17709900705,-103230.61817359913
11784.881393765547,-11403.913238272708,-61453.06620516913,45774.20387395482,54109.2063788738,39833.10739013869,27475.921258111423,54177.82782235404,-97239.73894752734,-94694.35351922885
-9136.700590459683,43023.47762747349,-6015.3021444066235,24608.54234671452,15415.815850317256,-23030.84991175932,-31596.684690652288,44625.15372030047,-109249.68941006111,-32718.637995236408
